# {"t_start": 1687708283.503118, "env_id": "Point2DLargeEnv-v1"} 
r,l,t
-50.0,50,2.974449
-50.0,50,3.009835
-50.0,50,3.042114
-50.0,50,3.073765
-50.0,50,3.105707
-50.0,50,3.137881
-44.0,50,3.171239
-50.0,50,3.203655
-50.0,50,3.23722
-50.0,50,3.269101
-29.0,50,3.301669
-50.0,50,3.334985
-41.0,50,3.368865
-50.0,50,3.401635
-50.0,50,3.434913
-20.0,50,3.467685
-41.0,50,3.505486
-50.0,50,3.539806
-50.0,50,3.573161
-50.0,50,3.607198
-50.0,50,3.64191
-32.0,50,3.67524
-50.0,50,3.708669
-50.0,50,3.743985
-50.0,50,3.781668
-50.0,50,3.822009
-50.0,50,3.863889
-50.0,50,3.899465
-31.0,50,3.933759
-50.0,50,3.967924
-50.0,50,4.005943
0.0,50,4.045351
-16.0,50,4.088889
-50.0,50,4.131161
-41.0,50,4.171473
-50.0,50,4.20502
-47.0,50,4.23813
-50.0,50,4.269725
-50.0,50,4.303145
-50.0,50,4.335488
-50.0,50,4.368547
-50.0,50,4.400908
0.0,50,4.434852
-18.0,50,4.468212
-30.0,50,4.505026
-50.0,50,4.538076
-50.0,50,4.570683
-50.0,50,4.604116
-50.0,50,4.63641
-50.0,50,4.669469
-50.0,50,4.700938
-50.0,50,4.733925
-50.0,50,4.765912
0.0,50,4.79867
-50.0,50,4.831865
-50.0,50,4.865752
-50.0,50,4.898746
-34.0,50,4.93182
-8.0,50,4.963422
-50.0,50,4.999996
-50.0,50,5.033282
-50.0,50,5.065982
-50.0,50,5.098085
-50.0,50,5.129878
-50.0,50,5.1615
-50.0,50,5.193649
-50.0,50,5.226223
-50.0,50,5.257732
-28.0,50,5.291131
-50.0,50,5.322426
-50.0,50,5.355834
-41.0,50,5.388684
-31.0,50,5.420477
-50.0,50,5.453791
-24.0,50,5.490581
-50.0,50,5.522764
-50.0,50,5.555546
-50.0,50,5.590339
-47.0,50,5.6225
-50.0,50,5.654464
-14.0,50,5.688252
-50.0,50,5.7214
-10.0,50,5.754478
-23.0,50,5.787623
-50.0,50,5.82046
-36.0,50,5.854135
-50.0,50,5.8875
-50.0,50,5.919443
-50.0,50,5.953693
-50.0,50,5.989279
-50.0,50,6.023824
-50.0,50,6.055818
-43.0,50,6.088866
-50.0,50,6.120752
-50.0,50,6.15344
-50.0,50,6.185779
-22.0,50,6.218331
-50.0,50,6.250384
-50.0,50,6.282339
-50.0,50,6.314387
-19.0,50,6.933793
-50.0,50,6.967577
-50.0,50,7.004568
-18.0,50,7.037694
-50.0,50,7.071085
-50.0,50,7.103697
-24.0,50,7.137766
-32.0,50,7.1728
-50.0,50,7.209946
-50.0,50,7.249269
-50.0,50,7.285618
-16.0,50,7.320357
-50.0,50,7.354104
-15.0,50,7.387908
-7.0,50,7.420735
-50.0,50,7.454902
-9.0,50,7.49364
-50.0,50,7.52777
-26.0,50,7.561955
-22.0,50,7.596394
-50.0,50,7.631372
-10.0,50,7.665538
-27.0,50,7.700474
-23.0,50,7.734298
-32.0,50,7.769797
-50.0,50,7.804992
-50.0,50,7.841389
-24.0,50,7.880293
-35.0,50,7.917267
-20.0,50,7.953043
-50.0,50,7.993376
-49.0,50,8.029842
-50.0,50,8.066308
-37.0,50,8.103363
-38.0,50,8.140085
-37.0,50,8.176305
-50.0,50,8.212444
-50.0,50,8.24868
-50.0,50,8.283979
-3.0,50,8.319658
-21.0,50,8.355509
-50.0,50,8.389678
0.0,50,8.422564
-14.0,50,8.454826
-22.0,50,8.492182
-50.0,50,8.526171
-30.0,50,8.561
-15.0,50,8.597155
-32.0,50,8.631165
-50.0,50,8.663869
-50.0,50,8.697004
-34.0,50,8.73021
-50.0,50,8.765576
-50.0,50,8.799072
-50.0,50,8.831768
-41.0,50,8.865039
-50.0,50,8.899046
-50.0,50,8.933342
0.0,50,8.967808
-47.0,50,9.006968
-50.0,50,9.043139
-37.0,50,9.08345
-33.0,50,9.121919
-50.0,50,9.159675
-33.0,50,9.195381
-21.0,50,9.230408
-33.0,50,9.266152
-12.0,50,9.302706
-36.0,50,9.338475
-28.0,50,9.37427
-27.0,50,9.409039
-50.0,50,9.443028
-50.0,50,9.480878
-50.0,50,9.515713
-50.0,50,9.548856
-23.0,50,9.580851
-35.0,50,9.612439
-50.0,50,9.644054
-27.0,50,9.675336
-34.0,50,9.70656
-50.0,50,9.737682
-22.0,50,9.769136
-50.0,50,9.801071
-50.0,50,9.832308
-21.0,50,9.864304
-50.0,50,9.899884
-42.0,50,9.934649
-43.0,50,9.967548
-36.0,50,10.012013
-50.0,50,10.052693
-50.0,50,10.087674
-50.0,50,10.122315
-50.0,50,10.156376
-33.0,50,10.190186
-50.0,50,10.2243
-31.0,50,10.258211
-24.0,50,10.291593
-40.0,50,10.32485
-32.0,50,10.360144
-50.0,50,10.395393
-16.0,50,10.960815
-23.0,50,10.998677
-33.0,50,11.034234
-8.0,50,11.069733
-37.0,50,11.105867
-50.0,50,11.142714
0.0,50,11.17924
-50.0,50,11.215151
-30.0,50,11.251523
-45.0,50,11.288189
-26.0,50,11.327646
-20.0,50,11.364173
0.0,50,11.400213
-20.0,50,11.436262
-23.0,50,11.472954
-50.0,50,11.513835
-40.0,50,11.549588
-3.0,50,11.585915
-3.0,50,11.622584
-50.0,50,11.661877
-23.0,50,11.700014
-15.0,50,11.736579
-36.0,50,11.772138
-29.0,50,11.813247
-17.0,50,11.855834
-21.0,50,11.901512
-30.0,50,11.945311
-16.0,50,11.982882
-29.0,50,12.028921
-25.0,50,12.06741
-38.0,50,12.105178
-50.0,50,12.142794
-24.0,50,12.179528
-50.0,50,12.216345
-50.0,50,12.260161
-20.0,50,12.299209
-8.0,50,12.342363
-20.0,50,12.386262
-15.0,50,12.427411
-21.0,50,12.468836
-21.0,50,12.516474
-17.0,50,12.564872
-12.0,50,12.635471
-21.0,50,12.711359
-21.0,50,12.788951
-31.0,50,12.865993
-50.0,50,12.950123
-26.0,50,13.025912
-14.0,50,13.109057
-41.0,50,13.201144
-9.0,50,13.289387
-31.0,50,13.365784
-23.0,50,13.444854
-9.0,50,13.52521
-50.0,50,13.592324
-17.0,50,13.647108
-31.0,50,13.694676
-16.0,50,13.742242
-21.0,50,13.787889
-18.0,50,13.832454
-50.0,50,13.875456
-40.0,50,13.918379
-42.0,50,13.96121
-50.0,50,14.004547
-16.0,50,14.044662
-48.0,50,14.086061
-13.0,50,14.131883
-50.0,50,14.169897
-50.0,50,14.204717
-50.0,50,14.238891
-5.0,50,14.272925
-18.0,50,14.306296
-13.0,50,14.339355
-35.0,50,14.372838
-41.0,50,14.405744
-45.0,50,14.438757
-24.0,50,14.472475
-24.0,50,14.509008
-26.0,50,14.543956
-17.0,50,14.577648
-28.0,50,14.611607
-39.0,50,14.645545
-19.0,50,14.67882
-14.0,50,14.712083
-50.0,50,14.745623
-17.0,50,14.779545
-26.0,50,14.814359
0.0,50,14.848969
-18.0,50,14.885987
-35.0,50,14.921139
-8.0,50,14.956448
-50.0,50,14.993332
-15.0,50,15.02822
-27.0,50,15.063485
-28.0,50,15.100124
-16.0,50,15.135595
-43.0,50,15.170863
-50.0,50,15.208446
-31.0,50,15.24348
-26.0,50,15.276729
-22.0,50,15.856995
-4.0,50,15.893955
-16.0,50,15.93157
-20.0,50,15.967923
-10.0,50,16.007972
-18.0,50,16.044481
-14.0,50,16.081766
-19.0,50,16.118605
-12.0,50,16.161967
-50.0,50,16.20159
-26.0,50,16.242765
-13.0,50,16.281082
-10.0,50,16.31877
-8.0,50,16.356384
-23.0,50,16.394473
0.0,50,16.4329
-25.0,50,16.470202
-13.0,50,16.509853
-24.0,50,16.545955
0.0,50,16.582784
-13.0,50,16.621724
-23.0,50,16.65953
-5.0,50,16.695656
-9.0,50,16.731788
-50.0,50,16.767834
-16.0,50,16.802944
-20.0,50,16.838614
-15.0,50,16.872521
-32.0,50,16.906423
-11.0,50,16.94041
-7.0,50,16.975325
-20.0,50,17.010493
-17.0,50,17.04794
-24.0,50,17.083456
-1.0,50,17.121045
-13.0,50,17.1579
-11.0,50,17.194097
-16.0,50,17.230932
-26.0,50,17.268021
-19.0,50,17.305723
-16.0,50,17.342858
-6.0,50,17.381219
-20.0,50,17.417768
-19.0,50,17.45416
-12.0,50,17.490371
-18.0,50,17.526868
-8.0,50,17.563096
-50.0,50,17.599091
-15.0,50,17.636175
-6.0,50,17.6726
-17.0,50,17.709041
-21.0,50,17.74425
-13.0,50,17.783149
-16.0,50,17.82135
-5.0,50,17.862562
-21.0,50,17.904714
-16.0,50,17.945537
0.0,50,17.985748
0.0,50,18.024709
-8.0,50,18.062926
-20.0,50,18.100481
-16.0,50,18.139463
0.0,50,18.176107
-35.0,50,18.21248
-27.0,50,18.249789
-26.0,50,18.290832
-50.0,50,18.332369
-14.0,50,18.368313
-14.0,50,18.4048
-19.0,50,18.440648
-13.0,50,18.475971
-19.0,50,18.509567
-7.0,50,18.542218
-16.0,50,18.575579
-31.0,50,18.607841
-16.0,50,18.642303
-22.0,50,18.676231
-6.0,50,18.70892
-2.0,50,18.741354
-22.0,50,18.773814
-24.0,50,18.809772
-29.0,50,18.846905
-20.0,50,18.880723
-19.0,50,18.915426
-3.0,50,18.978785
0.0,50,19.039605
-16.0,50,19.104593
-12.0,50,19.158385
-18.0,50,19.203889
-13.0,50,19.248486
-1.0,50,19.293685
-10.0,50,19.338064
-12.0,50,19.381975
-14.0,50,19.423533
-24.0,50,19.464575
-17.0,50,19.506833
-16.0,50,19.548495
-9.0,50,19.592612
-11.0,50,19.633185
-21.0,50,19.67216
-4.0,50,20.224853
-16.0,50,20.257856
-12.0,50,20.291155
-15.0,50,20.323677
-18.0,50,20.355482
-14.0,50,20.38702
-12.0,50,20.417915
0.0,50,20.451168
-10.0,50,20.481619
-13.0,50,20.516295
-17.0,50,20.548351
-15.0,50,20.580839
-7.0,50,20.626015
-19.0,50,20.657792
-13.0,50,20.692917
0.0,50,20.723727
-5.0,50,20.754376
-18.0,50,20.783699
-9.0,50,20.812972
-15.0,50,20.842651
-19.0,50,20.871875
-2.0,50,20.900951
-10.0,50,20.930067
-17.0,50,20.958454
-14.0,50,20.987491
-9.0,50,21.016744
-10.0,50,21.04578
-13.0,50,21.07392
-16.0,50,21.105886
-11.0,50,21.135042
-20.0,50,21.164053
-15.0,50,21.193415
-14.0,50,21.223071
-16.0,50,21.251758
-12.0,50,21.284821
-12.0,50,21.323599
-15.0,50,21.361517
-16.0,50,21.397071
-21.0,50,21.429525
-10.0,50,21.459984
-2.0,50,21.488034
-21.0,50,21.516702
-8.0,50,21.552004
-6.0,50,21.591824
-14.0,50,21.629512
-11.0,50,21.660713
-6.0,50,21.691253
-14.0,50,21.720316
-15.0,50,21.749119
-12.0,50,21.780659
-10.0,50,21.815863
-8.0,50,21.851396
-13.0,50,21.886632
-15.0,50,21.921044
-7.0,50,21.954096
-18.0,50,21.98537
-16.0,50,22.013766
-14.0,50,22.042905
-11.0,50,22.070101
-10.0,50,22.101031
-3.0,50,22.128727
-4.0,50,22.156135
-14.0,50,22.185009
-12.0,50,22.211642
-11.0,50,22.239224
-18.0,50,22.266228
-10.0,50,22.292892
-10.0,50,22.320935
-15.0,50,22.349082
-12.0,50,22.376886
-7.0,50,22.405837
-7.0,50,22.434214
-6.0,50,22.461663
-15.0,50,22.489172
-12.0,50,22.51743
-11.0,50,22.545204
-11.0,50,22.572511
-10.0,50,22.605153
-5.0,50,22.634394
-17.0,50,22.662504
-3.0,50,22.69072
-13.0,50,22.718389
-8.0,50,22.746055
-14.0,50,22.773572
-16.0,50,22.801019
-16.0,50,22.828574
0.0,50,22.857038
-13.0,50,22.885064
-8.0,50,22.912294
-6.0,50,22.940241
-12.0,50,22.967408
-11.0,50,22.995444
-4.0,50,23.024079
-5.0,50,23.05258
-9.0,50,23.081291
-8.0,50,23.113653
-18.0,50,23.14219
-19.0,50,23.170386
-1.0,50,23.198918
-15.0,50,23.227488
-7.0,50,23.685309
-9.0,50,23.714926
-15.0,50,23.743943
-9.0,50,23.772299
-14.0,50,23.800839
-12.0,50,23.829323
-7.0,50,23.857818
-4.0,50,23.886766
-12.0,50,23.915548
-7.0,50,23.944152
-12.0,50,23.972678
-6.0,50,24.000778
-7.0,50,24.028673
-8.0,50,24.057521
-7.0,50,24.085946
-10.0,50,24.118223
-13.0,50,24.146348
-8.0,50,24.17446
-12.0,50,24.203462
-7.0,50,24.231009
-11.0,50,24.258767
-13.0,50,24.286361
-5.0,50,24.31365
-12.0,50,24.341895
-9.0,50,24.369704
-6.0,50,24.398279
-12.0,50,24.427057
-11.0,50,24.455608
-7.0,50,24.483395
-14.0,50,24.511835
-11.0,50,24.539642
-5.0,50,24.567089
-8.0,50,24.598224
-8.0,50,24.626354
-9.0,50,24.654217
-13.0,50,24.681717
-8.0,50,24.709653
-5.0,50,24.738199
-3.0,50,24.765533
-13.0,50,24.793816
-10.0,50,24.82185
-15.0,50,24.850914
-15.0,50,24.880011
-8.0,50,24.908572
-16.0,50,24.937348
-9.0,50,24.966147
-7.0,50,24.994818
-5.0,50,25.022889
-5.0,50,25.050334
-14.0,50,25.077811
-7.0,50,25.111127
-11.0,50,25.139438
-6.0,50,25.166741
-6.0,50,25.194887
-10.0,50,25.222994
-4.0,50,25.2519
-5.0,50,25.28044
-14.0,50,25.308907
-4.0,50,25.338063
-8.0,50,25.365864
-8.0,50,25.393669
-6.0,50,25.421188
-8.0,50,25.449412
-3.0,50,25.476928
-9.0,50,25.504738
-20.0,50,25.532856
-2.0,50,25.560644
-9.0,50,25.590192
-7.0,50,25.62073
-10.0,50,25.649564
-6.0,50,25.677992
-12.0,50,25.706712
-9.0,50,25.735206
-12.0,50,25.763996
-10.0,50,25.792126
-12.0,50,25.819877
-15.0,50,25.847689
-11.0,50,25.875538
-11.0,50,25.90299
-1.0,50,25.930148
-9.0,50,25.958009
-6.0,50,25.984972
-18.0,50,26.01224
-3.0,50,26.040191
-6.0,50,26.068535
-11.0,50,26.101101
-9.0,50,26.130661
-12.0,50,26.160294
-5.0,50,26.189762
-15.0,50,26.219149
-12.0,50,26.248286
-7.0,50,26.276601
-4.0,50,26.304673
-10.0,50,26.3335
-11.0,50,26.36165
-10.0,50,26.390195
0.0,50,26.418823
-8.0,50,26.448113
-2.0,50,26.478033
-7.0,50,26.508211
-7.0,50,27.004945
-1.0,50,27.037587
-7.0,50,27.065987
-5.0,50,27.098599
-4.0,50,27.127537
-8.0,50,27.156322
-2.0,50,27.184949
-5.0,50,27.212607
-7.0,50,27.241422
-9.0,50,27.270006
-4.0,50,27.309106
-13.0,50,27.349623
-10.0,50,27.38301
-13.0,50,27.41168
-13.0,50,27.440332
-5.0,50,27.469177
-12.0,50,27.49797
-11.0,50,27.527068
-1.0,50,27.555388
-10.0,50,27.585376
-7.0,50,27.616782
-12.0,50,27.645934
-38.0,50,27.686001
-9.0,50,27.72577
-8.0,50,27.760462
-10.0,50,27.79369
-3.0,50,27.82533
-10.0,50,27.856827
-7.0,50,27.888658
-2.0,50,27.920784
-44.0,50,27.953301
-5.0,50,27.98744
-5.0,50,28.018014
-15.0,50,28.047711
-2.0,50,28.076815
-4.0,50,28.108986
-9.0,50,28.137632
-9.0,50,28.165086
0.0,50,28.193228
0.0,50,28.224398
-5.0,50,28.256849
-11.0,50,28.285733
-5.0,50,28.327628
-11.0,50,28.368118
-7.0,50,28.406883
-10.0,50,28.437844
-5.0,50,28.469746
-10.0,50,28.502182
-7.0,50,28.535577
-11.0,50,28.56903
-14.0,50,28.604456
0.0,50,28.647259
-2.0,50,28.683721
-16.0,50,28.718243
-9.0,50,28.752172
-12.0,50,28.786213
-8.0,50,28.818088
-10.0,50,28.850212
-8.0,50,28.882109
-11.0,50,28.91619
-6.0,50,28.952006
-5.0,50,28.986235
-4.0,50,29.020292
-13.0,50,29.051393
-12.0,50,29.082503
-10.0,50,29.116675
-3.0,50,29.14712
-6.0,50,29.176565
-7.0,50,29.205953
0.0,50,29.236333
-9.0,50,29.265984
-10.0,50,29.295694
-14.0,50,29.325507
-9.0,50,29.355017
-12.0,50,29.384639
-5.0,50,29.415593
-11.0,50,29.444516
-4.0,50,29.474171
0.0,50,29.505415
-4.0,50,29.535865
-11.0,50,29.56898
-8.0,50,29.609959
-9.0,50,29.65459
-47.0,50,29.68464
-9.0,50,29.714069
-8.0,50,29.743941
-7.0,50,29.773574
-3.0,50,29.804678
-11.0,50,29.835577
-3.0,50,29.864096
-5.0,50,29.893111
-35.0,50,29.924054
-10.0,50,29.954722
-10.0,50,30.000972
-4.0,50,30.037939
-10.0,50,30.073886
-7.0,50,30.113218
-8.0,50,30.15367
-13.0,50,30.191794
-7.0,50,30.222939
-14.0,50,30.723591
0.0,50,30.75472
-9.0,50,30.784396
-7.0,50,30.814769
-7.0,50,30.845086
-9.0,50,30.875919
-13.0,50,30.90575
-13.0,50,30.935248
-1.0,50,30.965254
-5.0,50,30.995509
-8.0,50,31.027993
0.0,50,31.060344
-8.0,50,31.09771
-11.0,50,31.134627
-5.0,50,31.170285
-7.0,50,31.202336
-4.0,50,31.235903
-7.0,50,31.26771
-2.0,50,31.300341
-7.0,50,31.333012
-8.0,50,31.365797
-8.0,50,31.397938
-7.0,50,31.43211
0.0,50,31.46723
-3.0,50,31.501418
-10.0,50,31.536576
0.0,50,31.571008
-11.0,50,31.609111
-1.0,50,31.643058
-12.0,50,31.676317
-9.0,50,31.713315
-5.0,50,31.750509
-9.0,50,31.784823
-15.0,50,31.817844
0.0,50,31.852159
-7.0,50,31.886647
0.0,50,31.919986
0.0,50,31.952823
-4.0,50,31.98469
-11.0,50,32.017066
-11.0,50,32.048877
-5.0,50,32.082143
-8.0,50,32.119962
-12.0,50,32.15076
-4.0,50,32.181877
-6.0,50,32.215161
-4.0,50,32.246702
-11.0,50,32.277029
-13.0,50,32.306445
-4.0,50,32.338112
-8.0,50,32.370949
-10.0,50,32.405916
-14.0,50,32.434726
-4.0,50,32.463781
-12.0,50,32.492636
-6.0,50,32.521232
-10.0,50,32.551664
-8.0,50,32.580409
-3.0,50,32.613394
-4.0,50,32.641973
-5.0,50,32.669879
-2.0,50,32.698139
-4.0,50,32.726066
-12.0,50,32.75561
-8.0,50,32.783354
-7.0,50,32.812358
-12.0,50,32.841464
-2.0,50,32.870777
-9.0,50,32.900816
0.0,50,32.930816
-7.0,50,32.95982
-7.0,50,32.988434
-10.0,50,33.016922
-10.0,50,33.045596
-9.0,50,33.074301
-15.0,50,33.112277
-9.0,50,33.142251
-4.0,50,33.170432
-5.0,50,33.199544
0.0,50,33.233486
-8.0,50,33.263706
-11.0,50,33.291578
-13.0,50,33.320504
-12.0,50,33.349723
-3.0,50,33.378326
-12.0,50,33.407067
-5.0,50,33.434895
-2.0,50,33.462845
-3.0,50,33.490485
0.0,50,33.51867
-9.0,50,33.546896
-6.0,50,33.574732
-7.0,50,33.60601
-4.0,50,33.634218
-7.0,50,33.662056
-8.0,50,33.690131
-6.0,50,33.719013
-13.0,50,33.748403
-10.0,50,33.777765
-6.0,50,33.806681
-6.0,50,34.260218
-10.0,50,34.289408
-9.0,50,34.318622
-6.0,50,34.347155
-14.0,50,34.376162
-7.0,50,34.405121
-9.0,50,34.433331
-1.0,50,34.462854
-4.0,50,34.491529
-12.0,50,34.520646
-6.0,50,34.549995
-8.0,50,34.578926
-9.0,50,34.611653
-10.0,50,34.641773
-8.0,50,34.670902
-8.0,50,34.700088
-6.0,50,34.728843
-10.0,50,34.757316
-11.0,50,34.786262
-2.0,50,34.814848
-10.0,50,34.843856
-7.0,50,34.872608
-8.0,50,34.901599
-7.0,50,34.930236
-4.0,50,34.959493
-6.0,50,34.987895
-12.0,50,35.016082
-8.0,50,35.043913
-6.0,50,35.072022
-1.0,50,35.104734
-10.0,50,35.136301
-9.0,50,35.166247
-5.0,50,35.194274
-2.0,50,35.222185
-9.0,50,35.250309
-1.0,50,35.277734
-9.0,50,35.305934
-3.0,50,35.334056
-11.0,50,35.362181
-4.0,50,35.390353
-8.0,50,35.418323
-3.0,50,35.446132
-5.0,50,35.4746
-4.0,50,35.502196
-5.0,50,35.530287
-12.0,50,35.559067
-7.0,50,35.588261
-10.0,50,35.620092
-10.0,50,35.649442
-6.0,50,35.678238
-12.0,50,35.70706
-9.0,50,35.735437
-9.0,50,35.764666
-1.0,50,35.79355
-7.0,50,35.821467
-10.0,50,35.84973
-8.0,50,35.878236
-10.0,50,35.905646
-11.0,50,35.933533
-11.0,50,35.962399
-11.0,50,35.99174
-5.0,50,36.020508
-8.0,50,36.049876
-7.0,50,36.079441
-10.0,50,36.110646
-11.0,50,36.139544
-1.0,50,36.168537
0.0,50,36.198109
-3.0,50,36.22758
-5.0,50,36.256556
0.0,50,36.285592
-8.0,50,36.313684
-12.0,50,36.341969
-7.0,50,36.370201
-11.0,50,36.398002
-12.0,50,36.425674
-9.0,50,36.45416
-8.0,50,36.482967
-3.0,50,36.511679
-8.0,50,36.540502
-4.0,50,36.577712
-8.0,50,36.610494
-8.0,50,36.639371
-9.0,50,36.668564
-5.0,50,36.69729
-1.0,50,36.726045
-9.0,50,36.754185
-5.0,50,36.78251
-1.0,50,36.810387
-5.0,50,36.838747
-9.0,50,36.866993
-10.0,50,36.894345
-3.0,50,36.922193
-3.0,50,36.951793
-10.0,50,36.981598
-5.0,50,37.009315
-4.0,50,37.037854
-9.0,50,37.066855
-11.0,50,37.099368
-5.0,50,37.129031
-8.0,50,37.582052
-10.0,50,37.616404
-10.0,50,37.644927
-10.0,50,37.673404
-6.0,50,37.701753
-10.0,50,37.730986
-12.0,50,37.760103
-10.0,50,37.788565
-6.0,50,37.817826
-12.0,50,37.847334
-4.0,50,37.876607
-9.0,50,37.905727
-8.0,50,37.934913
-12.0,50,37.966348
-6.0,50,37.996016
0.0,50,38.025196
-2.0,50,38.054718
-7.0,50,38.083837
-14.0,50,38.116016
-10.0,50,38.145181
-4.0,50,38.173869
-7.0,50,38.203466
-5.0,50,38.232836
-7.0,50,38.261901
-5.0,50,38.29087
-10.0,50,38.32032
-10.0,50,38.349288
-6.0,50,38.377106
-5.0,50,38.405111
-9.0,50,38.433059
-11.0,50,38.461179
-10.0,50,38.49061
-9.0,50,38.518424
-5.0,50,38.548527
-13.0,50,38.577093
-8.0,50,38.607744
-3.0,50,38.637548
-3.0,50,38.66722
-12.0,50,38.696254
-9.0,50,38.730443
-5.0,50,38.764651
-4.0,50,38.798419
-10.0,50,38.832826
-13.0,50,38.863897
-10.0,50,38.893872
-4.0,50,38.923417
-10.0,50,38.953078
-10.0,50,38.982736
-4.0,50,39.012756
-11.0,50,39.043065
-7.0,50,39.073569
-5.0,50,39.110229
-11.0,50,39.142874
-2.0,50,39.183014
-10.0,50,39.219202
-8.0,50,39.249741
0.0,50,39.280157
-13.0,50,39.309322
-5.0,50,39.341668
-6.0,50,39.378208
-3.0,50,39.412565
0.0,50,39.443477
-10.0,50,39.479753
-8.0,50,39.514942
-1.0,50,39.550186
-11.0,50,39.585084
-9.0,50,39.622001
-3.0,50,39.656118
-7.0,50,39.692949
-10.0,50,39.727996
-10.0,50,39.764039
-6.0,50,39.8008
-3.0,50,39.837497
-9.0,50,39.868215
-8.0,50,39.896986
-11.0,50,39.926756
-1.0,50,39.95415
-11.0,50,39.980792
0.0,50,40.007773
-10.0,50,40.035471
-2.0,50,40.065053
-9.0,50,40.101051
-9.0,50,40.1329
-5.0,50,40.170478
-8.0,50,40.201769
-8.0,50,40.233683
-3.0,50,40.268089
-3.0,50,40.297705
-8.0,50,40.32622
-10.0,50,40.354759
-10.0,50,40.383115
-6.0,50,40.416316
-9.0,50,40.453233
-7.0,50,40.499243
-5.0,50,40.536093
-9.0,50,40.570592
-10.0,50,40.606761
-10.0,50,40.637105
-12.0,50,40.667744
-4.0,50,40.697386
-7.0,50,41.175211
-10.0,50,41.203559
-6.0,50,41.231295
-9.0,50,41.262835
-4.0,50,41.291326
-3.0,50,41.321903
-4.0,50,41.352588
0.0,50,41.384117
-12.0,50,41.423252
-7.0,50,41.458395
-9.0,50,41.495752
-7.0,50,41.53044
-11.0,50,41.566047
-5.0,50,41.606244
-7.0,50,41.641759
-10.0,50,41.677343
-9.0,50,41.710551
-7.0,50,41.743335
-3.0,50,41.776122
0.0,50,41.810491
-7.0,50,41.846402
-11.0,50,41.881516
-12.0,50,41.917633
-5.0,50,41.95282
-13.0,50,41.989959
-4.0,50,42.023809
-13.0,50,42.059821
-1.0,50,42.102026
-8.0,50,42.137349
-6.0,50,42.171829
0.0,50,42.202903
-7.0,50,42.236742
-12.0,50,42.270813
-6.0,50,42.3027
-14.0,50,42.33406
-5.0,50,42.364872
-9.0,50,42.394633
0.0,50,42.423971
-10.0,50,42.455318
-7.0,50,42.484472
-9.0,50,42.514066
-8.0,50,42.542905
-5.0,50,42.573699
-9.0,50,42.608872
-3.0,50,42.641466
-6.0,50,42.673827
0.0,50,42.705144
-6.0,50,42.734965
-11.0,50,42.763732
-9.0,50,42.793013
-9.0,50,42.81966
-10.0,50,42.849199
-15.0,50,42.880356
0.0,50,42.911708
-11.0,50,42.942088
-8.0,50,42.973458
-9.0,50,43.010001
-9.0,50,43.043899
-15.0,50,43.0751
-3.0,50,43.108428
-14.0,50,43.138338
-2.0,50,43.166413
-7.0,50,43.194201
-10.0,50,43.22428
0.0,50,43.252758
-11.0,50,43.281322
-9.0,50,43.311672
-16.0,50,43.342074
-10.0,50,43.370339
-7.0,50,43.397864
-12.0,50,43.426085
-10.0,50,43.455589
-10.0,50,43.483534
-1.0,50,43.512133
-7.0,50,43.542933
-16.0,50,43.573469
-9.0,50,43.605423
-11.0,50,43.634691
-4.0,50,43.664121
-14.0,50,43.692698
-3.0,50,43.722027
-7.0,50,43.753072
-4.0,50,43.78328
-1.0,50,43.812629
-11.0,50,43.842866
0.0,50,43.870291
-8.0,50,43.896688
-9.0,50,43.925077
-10.0,50,43.956173
-4.0,50,43.983289
-5.0,50,44.011191
-10.0,50,44.039251
-10.0,50,44.067882
-6.0,50,44.099153
-8.0,50,44.12781
-15.0,50,44.15739
-10.0,50,44.184459
-9.0,50,44.214413
-2.0,50,44.247951
-11.0,50,44.285562
-15.0,50,44.818097
-10.0,50,44.851334
0.0,50,44.888313
-10.0,50,44.923975
-1.0,50,44.961454
-7.0,50,44.995196
-6.0,50,45.024157
-5.0,50,45.054598
-9.0,50,45.084095
-9.0,50,45.118306
0.0,50,45.149988
-13.0,50,45.180782
-12.0,50,45.209903
-8.0,50,45.238852
-11.0,50,45.26906
-13.0,50,45.299867
-11.0,50,45.328844
0.0,50,45.360612
-10.0,50,45.392534
-16.0,50,45.426072
-9.0,50,45.463401
-4.0,50,45.499439
-13.0,50,45.53477
-9.0,50,45.56708
-15.0,50,45.602493
-6.0,50,45.639598
-7.0,50,45.677808
-13.0,50,45.713473
-3.0,50,45.750591
-14.0,50,45.786404
-12.0,50,45.815604
-2.0,50,45.845091
-14.0,50,45.876198
-18.0,50,45.90453
-13.0,50,45.93286
-8.0,50,45.962895
-11.0,50,45.992138
-1.0,50,46.020671
-5.0,50,46.056968
-4.0,50,46.094203
-8.0,50,46.133123
-11.0,50,46.165435
-13.0,50,46.197185
-11.0,50,46.227866
-2.0,50,46.260139
-11.0,50,46.293852
-4.0,50,46.331306
-13.0,50,46.362509
0.0,50,46.393203
-9.0,50,46.424057
-14.0,50,46.465236
-1.0,50,46.499489
-7.0,50,46.534274
-12.0,50,46.570635
-8.0,50,46.610105
-5.0,50,46.647721
-13.0,50,46.685875
-10.0,50,46.723657
-1.0,50,46.757892
-9.0,50,46.792209
-8.0,50,46.83019
-7.0,50,46.864712
-5.0,50,46.901742
-11.0,50,46.932337
-7.0,50,46.963358
-11.0,50,46.993072
-16.0,50,47.025086
-13.0,50,47.058393
-15.0,50,47.093138
-9.0,50,47.12463
-12.0,50,47.15734
-5.0,50,47.190497
-16.0,50,47.220197
-14.0,50,47.249761
-6.0,50,47.279971
-12.0,50,47.313421
-14.0,50,47.351943
0.0,50,47.388478
-8.0,50,47.421166
-13.0,50,47.451733
-7.0,50,47.480724
-11.0,50,47.512168
-5.0,50,47.543496
-9.0,50,47.579612
-8.0,50,47.620527
-7.0,50,47.656708
-7.0,50,47.6943
-13.0,50,47.729651
0.0,50,47.762669
0.0,50,47.793052
-7.0,50,47.823268
-9.0,50,47.854934
-15.0,50,47.88648
-13.0,50,47.915458
0.0,50,47.945789
-9.0,50,47.97628
-5.0,50,48.006746
-8.0,50,48.036463
0.0,50,48.066429
-3.0,50,48.099472
-15.0,50,48.597455
-5.0,50,48.633444
-10.0,50,48.666435
-12.0,50,48.696198
-13.0,50,48.726142
-4.0,50,48.756717
-12.0,50,48.786146
-8.0,50,48.81527
-8.0,50,48.844941
-3.0,50,48.87402
-13.0,50,48.903989
-8.0,50,48.935168
-13.0,50,48.965718
-11.0,50,48.999786
-12.0,50,49.031901
-14.0,50,49.064706
-4.0,50,49.095207
-15.0,50,49.125597
-7.0,50,49.153313
-7.0,50,49.181017
-7.0,50,49.208195
-12.0,50,49.236824
-8.0,50,49.266931
-4.0,50,49.29666
-9.0,50,49.33085
-6.0,50,49.36452
-11.0,50,49.398492
-3.0,50,49.433056
-6.0,50,49.466713
-5.0,50,49.50219
-9.0,50,49.535836
-10.0,50,49.563797
-11.0,50,49.591542
-14.0,50,49.625969
-13.0,50,49.656183
-10.0,50,49.682986
-5.0,50,49.709858
-14.0,50,49.737825
-8.0,50,49.765152
-9.0,50,49.793561
-15.0,50,49.822201
-9.0,50,49.852456
-10.0,50,49.885225
-11.0,50,49.918237
-9.0,50,49.949012
-13.0,50,49.984544
-1.0,50,50.019057
0.0,50,50.049864
-13.0,50,50.079086
-3.0,50,50.118235
-7.0,50,50.153441
-8.0,50,50.18811
-10.0,50,50.222698
-12.0,50,50.253963
-5.0,50,50.283134
-13.0,50,50.312188
-11.0,50,50.340721
-9.0,50,50.371074
-6.0,50,50.400142
-15.0,50,50.429407
-9.0,50,50.459264
-8.0,50,50.487388
-4.0,50,50.516644
0.0,50,50.548153
-13.0,50,50.580438
-11.0,50,50.615848
-9.0,50,50.647661
0.0,50,50.678648
-13.0,50,50.707881
-8.0,50,50.736201
-11.0,50,50.766936
-11.0,50,50.797746
-12.0,50,50.826109
-8.0,50,50.855337
-5.0,50,50.884542
-12.0,50,50.914336
-14.0,50,50.94397
0.0,50,50.973271
-14.0,50,51.003034
-10.0,50,51.031345
-11.0,50,51.061104
-12.0,50,51.091151
-6.0,50,51.122869
-10.0,50,51.155997
0.0,50,51.191016
-9.0,50,51.220168
-11.0,50,51.249753
-13.0,50,51.279767
-5.0,50,51.309722
-10.0,50,51.339466
-13.0,50,51.370898
-6.0,50,51.400008
-14.0,50,51.42976
-8.0,50,51.459266
-15.0,50,51.487603
-14.0,50,51.517032
-14.0,50,51.546006
-6.0,50,51.574863
-15.0,50,51.608307
-13.0,50,51.637065
-13.0,50,52.095129
-11.0,50,52.129253
-6.0,50,52.156657
-10.0,50,52.183144
-10.0,50,52.210679
-7.0,50,52.237879
-14.0,50,52.265036
-7.0,50,52.291293
-10.0,50,52.318297
-15.0,50,52.345818
-14.0,50,52.373388
-4.0,50,52.401294
-10.0,50,52.432497
-7.0,50,52.463345
-12.0,50,52.491796
-14.0,50,52.518795
0.0,50,52.54637
-8.0,50,52.574746
-11.0,50,52.606862
-16.0,50,52.637289
0.0,50,52.667189
-6.0,50,52.694429
-2.0,50,52.723118
-9.0,50,52.752621
-1.0,50,52.783325
-15.0,50,52.815122
-13.0,50,52.844102
-13.0,50,52.87213
-8.0,50,52.898274
-14.0,50,52.92447
-11.0,50,52.953472
-5.0,50,52.981468
-8.0,50,53.009618
-3.0,50,53.037805
-7.0,50,53.065718
-6.0,50,53.095847
-9.0,50,53.126391
-12.0,50,53.15555
-13.0,50,53.183676
0.0,50,53.210339
-13.0,50,53.237494
-9.0,50,53.266736
-9.0,50,53.296129
-13.0,50,53.323001
-4.0,50,53.350718
-8.0,50,53.379924
-14.0,50,53.407524
-9.0,50,53.434319
-6.0,50,53.46218
-13.0,50,53.489912
-3.0,50,53.516304
-3.0,50,53.54338
-6.0,50,53.572677
-17.0,50,53.613287
-14.0,50,53.654221
-8.0,50,53.694229
-12.0,50,53.725565
-13.0,50,53.7533
-4.0,50,53.781826
-7.0,50,53.810369
0.0,50,53.836837
-8.0,50,53.865745
-9.0,50,53.893386
-3.0,50,53.922521
-11.0,50,53.950945
0.0,50,53.979427
-11.0,50,54.006001
-3.0,50,54.032951
-3.0,50,54.062012
-4.0,50,54.08958
-6.0,50,54.117159
-8.0,50,54.14522
-11.0,50,54.173242
-10.0,50,54.202285
-15.0,50,54.231367
-14.0,50,54.260713
-14.0,50,54.291296
-12.0,50,54.322031
-9.0,50,54.353188
-14.0,50,54.383175
-15.0,50,54.410698
-8.0,50,54.437332
-9.0,50,54.465255
-6.0,50,54.491893
-10.0,50,54.519679
-10.0,50,54.549373
-11.0,50,54.578969
0.0,50,54.610737
-6.0,50,54.641838
-5.0,50,54.672757
-13.0,50,54.701496
-7.0,50,54.727901
-11.0,50,54.756128
0.0,50,54.7826
-4.0,50,54.8117
-13.0,50,54.839992
-11.0,50,54.8707
-2.0,50,54.904964
-7.0,50,54.934726
-12.0,50,54.962902
-12.0,50,55.432685
-8.0,50,55.463605
-6.0,50,55.493078
-9.0,50,55.526696
-7.0,50,55.560523
-11.0,50,55.596421
-9.0,50,55.62877
-17.0,50,55.661487
-13.0,50,55.690197
-7.0,50,55.71942
-10.0,50,55.749421
-12.0,50,55.779329
0.0,50,55.809354
-14.0,50,55.844605
-12.0,50,55.888457
-6.0,50,55.924023
-9.0,50,55.954829
-9.0,50,55.985809
-16.0,50,56.017511
-7.0,50,56.049156
-7.0,50,56.079386
-13.0,50,56.109025
-4.0,50,56.138216
-8.0,50,56.175742
0.0,50,56.210676
-10.0,50,56.240446
-6.0,50,56.268711
-8.0,50,56.301548
-11.0,50,56.32985
-7.0,50,56.357975
-9.0,50,56.399114
-11.0,50,56.431071
-5.0,50,56.466057
-16.0,50,56.547292
-11.0,50,56.612935
-6.0,50,56.673287
-7.0,50,56.722916
-9.0,50,56.762063
-17.0,50,56.803221
-8.0,50,56.838834
-4.0,50,56.879275
-12.0,50,56.920639
-2.0,50,56.959298
-15.0,50,56.994031
-3.0,50,57.028289
-4.0,50,57.061211
0.0,50,57.096268
-4.0,50,57.138963
-2.0,50,57.177282
-14.0,50,57.217064
-9.0,50,57.250216
-12.0,50,57.28782
-4.0,50,57.318089
0.0,50,57.349575
-11.0,50,57.387114
-1.0,50,57.416649
-16.0,50,57.447978
-5.0,50,57.479151
-7.0,50,57.510972
-12.0,50,57.543824
-9.0,50,57.576983
-9.0,50,57.609676
-6.0,50,57.643238
-14.0,50,57.674838
-8.0,50,57.707668
-7.0,50,57.739889
-9.0,50,57.772251
-10.0,50,57.804139
-10.0,50,57.839635
-5.0,50,57.87985
-5.0,50,57.915936
-7.0,50,57.949596
-1.0,50,57.982302
-4.0,50,58.015667
-14.0,50,58.047183
-13.0,50,58.078766
-5.0,50,58.107549
-5.0,50,58.13585
-17.0,50,58.163485
-7.0,50,58.19019
-10.0,50,58.216377
-13.0,50,58.243778
-4.0,50,58.270865
0.0,50,58.298461
-3.0,50,58.327909
-1.0,50,58.355414
0.0,50,58.391053
-2.0,50,58.420941
-12.0,50,58.450289
-6.0,50,58.481945
-9.0,50,58.510599
-7.0,50,58.539941
-12.0,50,58.571217
-10.0,50,58.601932
-15.0,50,58.630774
-5.0,50,58.660624
-6.0,50,58.691983
-12.0,50,58.725225
-11.0,50,58.756815
-15.0,50,58.787391
-7.0,50,59.288147
-11.0,50,59.320244
-8.0,50,59.352079
-6.0,50,59.387644
-14.0,50,59.419116
-2.0,50,59.451575
-6.0,50,59.48138
-8.0,50,59.512013
-11.0,50,59.541003
-10.0,50,59.57389
-7.0,50,59.608652
-12.0,50,59.64281
-13.0,50,59.676402
-10.0,50,59.705867
-4.0,50,59.735888
-5.0,50,59.765592
-11.0,50,59.794823
-11.0,50,59.824782
-12.0,50,59.85418
0.0,50,59.887442
-15.0,50,59.917013
-9.0,50,59.947344
-14.0,50,59.977041
-6.0,50,60.006893
-12.0,50,60.03714
-14.0,50,60.070044
0.0,50,60.101368
-13.0,50,60.132584
-13.0,50,60.161685
-14.0,50,60.192717
-8.0,50,60.222001
-13.0,50,60.253186
-8.0,50,60.283163
-7.0,50,60.314402
-6.0,50,60.344045
-7.0,50,60.377533
-11.0,50,60.412113
-2.0,50,60.446704
-12.0,50,60.477325
-17.0,50,60.507169
0.0,50,60.539675
-12.0,50,60.577092
0.0,50,60.612454
-6.0,50,60.648808
-3.0,50,60.686909
-2.0,50,60.722847
-14.0,50,60.760355
-7.0,50,60.790478
-11.0,50,60.819115
-11.0,50,60.848247
-6.0,50,60.881265
-16.0,50,60.913406
-16.0,50,60.945586
0.0,50,60.978377
-11.0,50,61.010827
-9.0,50,61.042794
-8.0,50,61.074322
-14.0,50,61.106083
-10.0,50,61.139013
-3.0,50,61.169719
-11.0,50,61.202167
-15.0,50,61.233061
-7.0,50,61.264593
-15.0,50,61.297054
-9.0,50,61.328698
-12.0,50,61.361693
-10.0,50,61.397027
-14.0,50,61.429034
-14.0,50,61.462261
-9.0,50,61.493264
-7.0,50,61.523303
-14.0,50,61.554003
-9.0,50,61.585445
0.0,50,61.614988
-4.0,50,61.644362
-11.0,50,61.673787
-13.0,50,61.7092
-4.0,50,61.744607
-10.0,50,61.775613
-17.0,50,61.804897
-9.0,50,61.834434
-3.0,50,61.870292
-8.0,50,61.909399
-3.0,50,61.944047
-5.0,50,61.979787
-7.0,50,62.01517
-14.0,50,62.050933
-15.0,50,62.085504
-4.0,50,62.117228
-12.0,50,62.146137
-15.0,50,62.175345
-8.0,50,62.20437
-7.0,50,62.231985
-9.0,50,62.260547
-17.0,50,62.289254
-3.0,50,62.318793
-5.0,50,62.349949
-16.0,50,62.387128
-4.0,50,62.422205
-2.0,50,62.45906
0.0,50,62.98841
-10.0,50,63.019195
-6.0,50,63.048897
-10.0,50,63.079497
-8.0,50,63.112937
-8.0,50,63.146735
-11.0,50,63.175907
-14.0,50,63.205486
-8.0,50,63.235568
-12.0,50,63.265459
-18.0,50,63.297221
-7.0,50,63.327314
-4.0,50,63.356749
-15.0,50,63.391987
-8.0,50,63.422009
-8.0,50,63.452947
-6.0,50,63.487062
-4.0,50,63.529827
-3.0,50,63.561273
-40.0,50,63.594185
-13.0,50,63.627577
-9.0,50,63.661372
-8.0,50,63.694665
-12.0,50,63.727559
-6.0,50,63.759454
-7.0,50,63.790352
0.0,50,63.834337
-8.0,50,63.883227
-7.0,50,63.921684
-11.0,50,63.961547
-13.0,50,63.994045
-12.0,50,64.026636
-11.0,50,64.059129
-4.0,50,64.089623
-10.0,50,64.120063
-12.0,50,64.150882
-50.0,50,64.181767
-3.0,50,64.213201
-15.0,50,64.251551
-12.0,50,64.289672
-6.0,50,64.326483
-12.0,50,64.363766
-7.0,50,64.403748
0.0,50,64.442854
-40.0,50,64.484925
-4.0,50,64.524776
-3.0,50,64.560323
-7.0,50,64.596343
-8.0,50,64.634868
-40.0,50,64.672442
-14.0,50,64.707629
-8.0,50,64.738683
-8.0,50,64.772352
-13.0,50,64.805766
-16.0,50,64.841131
-12.0,50,64.881733
-1.0,50,64.921792
-10.0,50,64.962772
-12.0,50,65.002726
-6.0,50,65.039455
-8.0,50,65.075452
-11.0,50,65.109052
-10.0,50,65.138697
-6.0,50,65.169596
-16.0,50,65.20063
-7.0,50,65.232137
-46.0,50,65.263319
-10.0,50,65.296064
-12.0,50,65.330397
-12.0,50,65.366846
-9.0,50,65.405453
-13.0,50,65.437197
-7.0,50,65.470714
-5.0,50,65.505198
-7.0,50,65.54087
-9.0,50,65.576283
-7.0,50,65.610183
-13.0,50,65.640617
-9.0,50,65.671708
-10.0,50,65.705107
-41.0,50,65.736137
-4.0,50,65.766737
-18.0,50,65.798414
-14.0,50,65.830454
-11.0,50,65.861
-8.0,50,65.895023
-9.0,50,65.925817
-5.0,50,65.957557
-2.0,50,65.988501
-9.0,50,66.018647
-4.0,50,66.049414
-14.0,50,66.080043
-14.0,50,66.108112
-4.0,50,66.135438
-2.0,50,66.162685
-12.0,50,66.191197
-5.0,50,66.219537
-11.0,50,66.248839
-5.0,50,66.277881
-12.0,50,66.305549
-8.0,50,66.783454
-8.0,50,66.821925
-8.0,50,66.86005
-10.0,50,66.898062
-15.0,50,66.930087
-5.0,50,66.962429
-14.0,50,66.992456
-14.0,50,67.019415
-8.0,50,67.049299
-8.0,50,67.07699
-8.0,50,67.106602
-10.0,50,67.135589
-16.0,50,67.164966
-8.0,50,67.194933
-14.0,50,67.224602
-9.0,50,67.256804
-12.0,50,67.294958
0.0,50,67.333046
-11.0,50,67.376856
-4.0,50,67.411809
-12.0,50,67.447126
-15.0,50,67.479195
-9.0,50,67.508391
-7.0,50,67.536226
-14.0,50,67.565609
0.0,50,67.595043
-9.0,50,67.623014
-12.0,50,67.65335
-7.0,50,67.68535
-13.0,50,67.720494
-3.0,50,67.756156
-2.0,50,67.791928
-12.0,50,67.824358
-7.0,50,67.860978
-8.0,50,67.900019
-7.0,50,67.935819
-7.0,50,67.971184
0.0,50,68.010146
-7.0,50,68.045048
-9.0,50,68.079785
-10.0,50,68.115044
-14.0,50,68.144958
-9.0,50,68.174758
-7.0,50,68.204844
-15.0,50,68.236753
-4.0,50,68.271841
-13.0,50,68.302151
-3.0,50,68.329443
-10.0,50,68.357078
-10.0,50,68.389771
-15.0,50,68.417739
-4.0,50,68.445137
-11.0,50,68.473706
-8.0,50,68.500852
-10.0,50,68.528045
-10.0,50,68.556266
-9.0,50,68.584768
-8.0,50,68.618173
-6.0,50,68.650359
-10.0,50,68.678255
-11.0,50,68.709713
-12.0,50,68.74318
-12.0,50,68.784166
-15.0,50,68.820004
-11.0,50,68.852965
-6.0,50,68.890174
-2.0,50,68.922871
-11.0,50,68.9511
-10.0,50,68.978505
-7.0,50,69.005556
-15.0,50,69.032279
-11.0,50,69.064769
-13.0,50,69.092334
-14.0,50,69.130014
-7.0,50,69.162678
0.0,50,69.190485
-14.0,50,69.218228
-16.0,50,69.247977
-7.0,50,69.276539
-9.0,50,69.302911
-16.0,50,69.330625
-11.0,50,69.358158
-10.0,50,69.391347
-16.0,50,69.418423
-16.0,50,69.446759
-10.0,50,69.476596
-4.0,50,69.504867
-15.0,50,69.53797
-14.0,50,69.572194
-8.0,50,69.605379
-3.0,50,69.63834
-16.0,50,69.671388
-11.0,50,69.699141
-9.0,50,69.727
-6.0,50,69.754344
-8.0,50,69.782092
-4.0,50,69.80966
-9.0,50,69.836679
-8.0,50,69.865228
-10.0,50,69.896916
-12.0,50,70.413995
-11.0,50,70.449083
-3.0,50,70.486801
-11.0,50,70.518791
-9.0,50,70.547822
-10.0,50,70.576616
-10.0,50,70.605059
0.0,50,70.633405
-11.0,50,70.661167
-7.0,50,70.689539
-33.0,50,70.719418
-9.0,50,70.749976
-11.0,50,70.780245
-11.0,50,70.810585
-9.0,50,70.843201
-10.0,50,70.879974
-12.0,50,70.91073
0.0,50,70.943272
-17.0,50,70.975741
0.0,50,71.00909
-13.0,50,71.040749
-9.0,50,71.0712
-13.0,50,71.101337
-7.0,50,71.129037
-3.0,50,71.156772
-9.0,50,71.184807
-12.0,50,71.212681
-7.0,50,71.240437
-14.0,50,71.2713
-11.0,50,71.302834
-11.0,50,71.337309
-1.0,50,71.371276
-10.0,50,71.403546
-14.0,50,71.436603
-9.0,50,71.469003
-6.0,50,71.502874
-6.0,50,71.53676
-12.0,50,71.567578
-11.0,50,71.59933
-2.0,50,71.630389
-3.0,50,71.660388
-4.0,50,71.690546
-13.0,50,71.720781
0.0,50,71.751828
-7.0,50,71.783221
-11.0,50,71.816204
-11.0,50,71.846113
-16.0,50,71.881612
-2.0,50,71.915029
-12.0,50,71.945824
-13.0,50,71.978432
-14.0,50,72.008715
-10.0,50,72.039874
-9.0,50,72.070199
-10.0,50,72.099445
-9.0,50,72.130219
-14.0,50,72.160925
-11.0,50,72.19036
-14.0,50,72.218386
-7.0,50,72.248621
-8.0,50,72.280491
-11.0,50,72.309294
-6.0,50,72.338778
-5.0,50,72.372242
-10.0,50,72.402478
-1.0,50,72.432818
-7.0,50,72.466917
-4.0,50,72.500144
-12.0,50,72.533574
-14.0,50,72.567908
-9.0,50,72.602962
-6.0,50,72.636953
-15.0,50,72.67119
-14.0,50,72.705446
-7.0,50,72.739957
-13.0,50,72.772882
-11.0,50,72.805581
-5.0,50,72.838901
-11.0,50,72.87319
-6.0,50,72.904068
-8.0,50,72.938303
-3.0,50,72.973021
-1.0,50,73.005575
-7.0,50,73.040761
-10.0,50,73.071289
-12.0,50,73.102047
-13.0,50,73.133781
-6.0,50,73.164076
-11.0,50,73.193774
-10.0,50,73.222178
-6.0,50,73.251173
-12.0,50,73.280797
-8.0,50,73.310551
-15.0,50,73.340667
-10.0,50,73.376384
-7.0,50,73.409519
-10.0,50,73.444295
-2.0,50,73.475554
-6.0,50,73.505085
-5.0,50,73.536334
-16.0,50,74.052895
-14.0,50,74.089384
0.0,50,74.125915
-10.0,50,74.161147
-10.0,50,74.193554
-5.0,50,74.222051
-12.0,50,74.249758
-13.0,50,74.278286
-37.0,50,74.306074
-6.0,50,74.33579
-13.0,50,74.365124
-3.0,50,74.399978
0.0,50,74.430301
-8.0,50,74.460873
-13.0,50,74.49277
0.0,50,74.525812
-12.0,50,74.560604
-5.0,50,74.598416
-7.0,50,74.635792
-12.0,50,74.673216
-11.0,50,74.702632
-11.0,50,74.732749
-15.0,50,74.762229
-7.0,50,74.793442
-14.0,50,74.824182
-7.0,50,74.8527
-6.0,50,74.88538
-39.0,50,74.912728
0.0,50,74.938689
-34.0,50,74.965915
-10.0,50,74.994157
-11.0,50,75.020814
-1.0,50,75.050221
-15.0,50,75.081943
-6.0,50,75.116233
-6.0,50,75.153785
-38.0,50,75.187303
-11.0,50,75.218411
-7.0,50,75.247602
-1.0,50,75.276665
-11.0,50,75.307052
-11.0,50,75.337869
-10.0,50,75.376683
-13.0,50,75.413769
-7.0,50,75.455012
0.0,50,75.493023
-37.0,50,75.531593
-11.0,50,75.570787
-13.0,50,75.606655
-3.0,50,75.638408
-10.0,50,75.668858
-12.0,50,75.699056
-9.0,50,75.729766
-7.0,50,75.765523
-39.0,50,75.801089
-50.0,50,75.836688
-11.0,50,75.871273
0.0,50,75.908874
-14.0,50,75.942695
-11.0,50,75.973019
-8.0,50,76.003818
-3.0,50,76.037663
-35.0,50,76.068372
-36.0,50,76.095717
-12.0,50,76.123626
-7.0,50,76.151652
0.0,50,76.179477
-8.0,50,76.206718
-13.0,50,76.235398
-2.0,50,76.264622
-6.0,50,76.293365
-47.0,50,76.326874
-13.0,50,76.362206
-9.0,50,76.407087
-4.0,50,76.443748
-12.0,50,76.475385
-50.0,50,76.50741
-13.0,50,76.537093
-15.0,50,76.566553
-8.0,50,76.597838
-9.0,50,76.629685
-43.0,50,76.659579
-7.0,50,76.691209
-2.0,50,76.722285
-10.0,50,76.753337
-10.0,50,76.784106
-14.0,50,76.814973
-8.0,50,76.845354
-9.0,50,76.879271
-9.0,50,76.913528
-11.0,50,76.942715
-14.0,50,76.969981
-10.0,50,76.997466
-10.0,50,77.02459
-2.0,50,77.051468
-13.0,50,77.080904
-15.0,50,77.111639
-7.0,50,77.143023
-4.0,50,77.173214
-12.0,50,77.203567
-14.0,50,77.688787
-7.0,50,77.721326
-2.0,50,77.750216
-3.0,50,77.792719
-13.0,50,77.834835
-14.0,50,77.883825
-12.0,50,77.916535
-8.0,50,77.948018
-10.0,50,77.978875
0.0,50,78.012177
-12.0,50,78.042356
-5.0,50,78.073081
-8.0,50,78.105808
-5.0,50,78.140519
-9.0,50,78.175258
-12.0,50,78.210387
-6.0,50,78.265409
0.0,50,78.341636
-10.0,50,78.381237
0.0,50,78.419618
-13.0,50,78.45612
-6.0,50,78.488656
0.0,50,78.520165
-3.0,50,78.551407
0.0,50,78.583001
-13.0,50,78.61536
-13.0,50,78.647068
-10.0,50,78.677722
-8.0,50,78.70998
-8.0,50,78.742144
-14.0,50,78.77434
-14.0,50,78.80631
-15.0,50,78.83707
-8.0,50,78.869458
-6.0,50,78.905697
-3.0,50,78.936243
-13.0,50,78.967957
-12.0,50,78.999366
-12.0,50,79.029939
-12.0,50,79.061883
-4.0,50,79.094927
-12.0,50,79.125707
-9.0,50,79.157092
-9.0,50,79.18842
-12.0,50,79.218733
-4.0,50,79.249338
-9.0,50,79.280386
-5.0,50,79.312334
-9.0,50,79.343851
-7.0,50,79.388722
-3.0,50,79.470908
-1.0,50,79.508561
-1.0,50,79.54017
-5.0,50,79.571317
-11.0,50,79.603215
-5.0,50,79.635855
-12.0,50,79.666717
-8.0,50,79.69824
-4.0,50,79.728787
-9.0,50,79.756168
-3.0,50,79.784224
-8.0,50,79.812309
-5.0,50,79.839777
-8.0,50,79.871734
-5.0,50,79.912408
-7.0,50,79.950751
-3.0,50,79.979266
-14.0,50,80.01197
-14.0,50,80.041265
-10.0,50,80.069418
-8.0,50,80.097804
-9.0,50,80.126868
-7.0,50,80.155733
-3.0,50,80.184146
-10.0,50,80.21288
-12.0,50,80.240583
-7.0,50,80.270314
-10.0,50,80.298961
-6.0,50,80.328299
-2.0,50,80.356224
-7.0,50,80.388085
0.0,50,80.415771
-2.0,50,80.444353
0.0,50,80.472784
-7.0,50,80.501413
-5.0,50,80.529239
-14.0,50,80.556581
-12.0,50,80.5847
-12.0,50,80.613629
-15.0,50,80.641801
-3.0,50,80.669909
-10.0,50,80.69823
-9.0,50,80.726403
-8.0,50,80.753621
-14.0,50,80.781029
-13.0,50,80.808326
-3.0,50,80.836553
-7.0,50,80.864109
-4.0,50,80.899368
-6.0,50,80.92727
-12.0,50,81.379286
-6.0,50,81.412708
-10.0,50,81.441553
-9.0,50,81.471064
-11.0,50,81.500767
-5.0,50,81.529781
-14.0,50,81.558115
-9.0,50,81.586874
-12.0,50,81.615115
-10.0,50,81.643649
-12.0,50,81.672132
-5.0,50,81.700644
0.0,50,81.729809
-4.0,50,81.759333
-7.0,50,81.788199
-1.0,50,81.817146
-11.0,50,81.84638
-12.0,50,81.880166
-13.0,50,81.912313
-15.0,50,81.941919
-16.0,50,81.971308
-4.0,50,82.000012
-9.0,50,82.029228
-13.0,50,82.058431
-6.0,50,82.086939
-10.0,50,82.113266
-16.0,50,82.138779
-17.0,50,82.16678
-13.0,50,82.195606
-2.0,50,82.224431
-4.0,50,82.253034
-7.0,50,82.282077
-8.0,50,82.310768
-11.0,50,82.338818
-13.0,50,82.367818
-5.0,50,82.400221
-14.0,50,82.428803
-9.0,50,82.457303
-8.0,50,82.487566
-11.0,50,82.516679
-16.0,50,82.547009
-4.0,50,82.576432
-11.0,50,82.611497
-12.0,50,82.645281
-11.0,50,82.675139
-7.0,50,82.705881
-5.0,50,82.736805
-14.0,50,82.767767
-8.0,50,82.797778
-12.0,50,82.827765
-10.0,50,82.858051
-4.0,50,82.895858
-3.0,50,82.926986
-1.0,50,82.958754
-12.0,50,82.991691
-14.0,50,83.024161
-3.0,50,83.056963
-16.0,50,83.089789
-4.0,50,83.12236
-7.0,50,83.154911
-11.0,50,83.188727
-8.0,50,83.221635
-6.0,50,83.254869
-3.0,50,83.288937
-12.0,50,83.32299
0.0,50,83.356941
-14.0,50,83.394446
-13.0,50,83.42819
-7.0,50,83.461789
-9.0,50,83.496393
-7.0,50,83.530309
-6.0,50,83.565245
-10.0,50,83.60024
-11.0,50,83.634403
0.0,50,83.668221
-5.0,50,83.702497
-9.0,50,83.736381
-10.0,50,83.770507
-13.0,50,83.804427
-6.0,50,83.83818
-15.0,50,83.87369
-6.0,50,83.909674
-15.0,50,83.943695
-12.0,50,83.97806
-2.0,50,84.012762
-8.0,50,84.046689
-8.0,50,84.086951
-5.0,50,84.123944
-10.0,50,84.158099
-8.0,50,84.192542
-14.0,50,84.227796
-14.0,50,84.261651
-6.0,50,84.295815
-11.0,50,84.329685
-6.0,50,84.36377
-12.0,50,84.407966
-6.0,50,84.442868
-7.0,50,84.47781
-12.0,50,84.511693
-7.0,50,84.546183
-5.0,50,85.079354
-7.0,50,85.114141
-3.0,50,85.149533
-7.0,50,85.184572
-8.0,50,85.219219
-12.0,50,85.253462
-12.0,50,85.288121
-9.0,50,85.323171
-4.0,50,85.35792
-11.0,50,85.395187
-12.0,50,85.428605
-4.0,50,85.462964
-9.0,50,85.498069
-10.0,50,85.532147
-11.0,50,85.566116
-5.0,50,85.60021
-6.0,50,85.633768
0.0,50,85.666634
-12.0,50,85.699407
-12.0,50,85.732106
-7.0,50,85.765212
-5.0,50,85.798272
-7.0,50,85.831101
-9.0,50,85.864032
-17.0,50,85.900095
-18.0,50,85.934019
-9.0,50,85.967926
-8.0,50,86.003671
-10.0,50,86.039687
-1.0,50,86.075413
-3.0,50,86.10981
-6.0,50,86.145782
-16.0,50,86.182134
-12.0,50,86.216951
-11.0,50,86.252137
-3.0,50,86.286216
-10.0,50,86.320191
-9.0,50,86.354424
-14.0,50,86.391469
-7.0,50,86.426341
-6.0,50,86.461439
-2.0,50,86.496369
-6.0,50,86.531442
-13.0,50,86.567215
-1.0,50,86.605484
-9.0,50,86.640444
-16.0,50,86.675818
-3.0,50,86.711167
-9.0,50,86.746472
-5.0,50,86.781939
-7.0,50,86.816644
-10.0,50,86.855748
-11.0,50,86.896461
-13.0,50,86.932836
-11.0,50,86.969849
-8.0,50,87.006423
-9.0,50,87.042641
-9.0,50,87.078357
-4.0,50,87.113381
-4.0,50,87.148489
-5.0,50,87.183366
-11.0,50,87.217346
-13.0,50,87.251456
-9.0,50,87.285546
-8.0,50,87.320846
-8.0,50,87.358258
-2.0,50,87.395868
-12.0,50,87.432132
-10.0,50,87.46768
-15.0,50,87.503022
0.0,50,87.538152
-2.0,50,87.57591
-12.0,50,87.614146
-7.0,50,87.652644
-13.0,50,87.68979
-5.0,50,87.726771
-8.0,50,87.762441
-12.0,50,87.798435
-12.0,50,87.836204
-3.0,50,87.878019
-11.0,50,87.919659
-9.0,50,87.958971
-3.0,50,88.000156
-13.0,50,88.040893
-10.0,50,88.082438
-10.0,50,88.122967
-11.0,50,88.165989
-2.0,50,88.208313
-13.0,50,88.246842
-7.0,50,88.286986
-8.0,50,88.326812
-9.0,50,88.36603
-14.0,50,88.404422
-10.0,50,88.442072
-13.0,50,88.479918
-12.0,50,88.516892
-4.0,50,88.552724
0.0,50,88.589482
-2.0,50,88.626689
-5.0,50,88.663178
-13.0,50,89.237439
-12.0,50,89.274416
-12.0,50,89.310796
-12.0,50,89.347221
-7.0,50,89.384366
-11.0,50,89.421037
-2.0,50,89.458785
-9.0,50,89.503673
-9.0,50,89.54736
-1.0,50,89.58614
-3.0,50,89.623434
-6.0,50,89.660427
-8.0,50,89.697158
-12.0,50,89.733193
-1.0,50,89.771304
-10.0,50,89.80796
-9.0,50,89.84737
-13.0,50,89.8894
-11.0,50,89.925868
-14.0,50,89.960824
-12.0,50,89.996164
-12.0,50,90.031161
-7.0,50,90.066036
-4.0,50,90.100714
-9.0,50,90.135802
-9.0,50,90.17077
-7.0,50,90.204518
-3.0,50,90.237552
-13.0,50,90.272305
-4.0,50,90.306375
-14.0,50,90.339422
-8.0,50,90.374319
-10.0,50,90.409727
-6.0,50,90.44137
-11.0,50,90.47372
0.0,50,90.505095
-3.0,50,90.535893
-12.0,50,90.566439
-4.0,50,90.596535
-10.0,50,90.629032
-8.0,50,90.65977
-7.0,50,90.690142
-9.0,50,90.720353
-13.0,50,90.750133
-12.0,50,90.779171
-4.0,50,90.809078
-1.0,50,90.83834
-4.0,50,90.868994
-11.0,50,90.904711
-8.0,50,90.934356
-10.0,50,90.963875
-8.0,50,90.994228
-14.0,50,91.024289
-13.0,50,91.054686
-6.0,50,91.08498
-9.0,50,91.116436
-10.0,50,91.147861
-13.0,50,91.178908
-4.0,50,91.211053
-1.0,50,91.243157
-6.0,50,91.275536
-6.0,50,91.308477
-9.0,50,91.340388
-9.0,50,91.375067
-13.0,50,91.411913
-8.0,50,91.443964
-11.0,50,91.476163
-9.0,50,91.506365
-3.0,50,91.536223
-2.0,50,91.566407
0.0,50,91.596091
-10.0,50,91.627477
-6.0,50,91.656877
-9.0,50,91.685976
0.0,50,91.714988
-15.0,50,91.74509
-11.0,50,91.774671
-13.0,50,91.804397
-9.0,50,91.832646
-15.0,50,91.861762
-11.0,50,91.8998
-9.0,50,91.928636
0.0,50,91.957576
-6.0,50,91.986688
-7.0,50,92.017486
-9.0,50,92.047328
-11.0,50,92.077066
-7.0,50,92.108299
-7.0,50,92.138743
-13.0,50,92.170654
-12.0,50,92.202982
-10.0,50,92.235334
-9.0,50,92.267126
-11.0,50,92.300098
0.0,50,92.33192
-5.0,50,92.364445
-7.0,50,92.403882
-2.0,50,92.435919
-12.0,50,92.46731
-8.0,50,92.499434
-11.0,50,92.974661
-12.0,50,93.005724
-11.0,50,93.035905
-4.0,50,93.065911
-11.0,50,93.097023
-5.0,50,93.129519
-9.0,50,93.161301
-12.0,50,93.192594
-11.0,50,93.238278
-5.0,50,93.27377
0.0,50,93.307576
0.0,50,93.340861
-5.0,50,93.37567
-7.0,50,93.415821
-8.0,50,93.449378
-9.0,50,93.482287
-9.0,50,93.51448
-11.0,50,93.54552
-8.0,50,93.575264
-6.0,50,93.608265
-9.0,50,93.637189
-12.0,50,93.665588
-1.0,50,93.694674
-12.0,50,93.72281
-7.0,50,93.750679
-1.0,50,93.778157
-7.0,50,93.805858
-8.0,50,93.832193
-9.0,50,93.858242
-5.0,50,93.891906
-8.0,50,93.918726
-10.0,50,93.945783
-9.0,50,93.973428
-3.0,50,94.000337
-4.0,50,94.027775
-7.0,50,94.05476
-3.0,50,94.081053
-11.0,50,94.108227
-9.0,50,94.134283
-11.0,50,94.160857
-13.0,50,94.187711
-9.0,50,94.217059
-10.0,50,94.244124
-11.0,50,94.270116
-3.0,50,94.29746
-7.0,50,94.325578
-8.0,50,94.353396
-10.0,50,94.387749
-12.0,50,94.415929
-4.0,50,94.443567
-10.0,50,94.47013
-11.0,50,94.498217
-6.0,50,94.525638
0.0,50,94.556946
-9.0,50,94.585273
0.0,50,94.614729
-6.0,50,94.643318
-4.0,50,94.670334
-11.0,50,94.698607
-8.0,50,94.725515
-4.0,50,94.753831
-8.0,50,94.781494
-10.0,50,94.810955
-8.0,50,94.83881
-5.0,50,94.867256
-7.0,50,94.905477
-7.0,50,94.933643
-9.0,50,94.963423
-7.0,50,94.990843
-7.0,50,95.017992
-7.0,50,95.045225
-9.0,50,95.072323
-13.0,50,95.10012
-12.0,50,95.12822
-11.0,50,95.155221
0.0,50,95.181653
-2.0,50,95.209368
0.0,50,95.237653
-14.0,50,95.264765
-10.0,50,95.29202
-4.0,50,95.320577
-4.0,50,95.348611
-14.0,50,95.382123
-10.0,50,95.412481
-6.0,50,95.439318
-4.0,50,95.465499
-12.0,50,95.494353
-9.0,50,95.521802
-1.0,50,95.549117
-8.0,50,95.577026
-6.0,50,95.605536
0.0,50,95.632829
-13.0,50,95.660066
-7.0,50,95.687101
-6.0,50,95.715811
-7.0,50,95.743244
-13.0,50,95.770317
-4.0,50,95.798706
-4.0,50,95.82646
-4.0,50,95.853763
-11.0,50,96.293078
-10.0,50,96.324087
-6.0,50,96.353551
-5.0,50,96.386994
-7.0,50,96.415327
-9.0,50,96.443563
-8.0,50,96.470941
-3.0,50,96.499663
-8.0,50,96.528508
-7.0,50,96.556265
-13.0,50,96.583949
-7.0,50,96.614201
-8.0,50,96.642679
-8.0,50,96.669097
-5.0,50,96.696951
-5.0,50,96.724171
-10.0,50,96.751258
-5.0,50,96.778567
-9.0,50,96.805729
-10.0,50,96.832249
-11.0,50,96.859812
-2.0,50,96.8972
-7.0,50,96.931844
-1.0,50,96.965028
-9.0,50,96.99316
-4.0,50,97.022817
-4.0,50,97.050416
-1.0,50,97.077694
-7.0,50,97.104649
-7.0,50,97.1311
-11.0,50,97.159672
-14.0,50,97.187717
-3.0,50,97.216093
-7.0,50,97.243907
-9.0,50,97.271178
-9.0,50,97.298692
-8.0,50,97.32531
-6.0,50,97.351968
-4.0,50,97.384555
-11.0,50,97.417422
-11.0,50,97.447922
-7.0,50,97.47708
-8.0,50,97.505347
-9.0,50,97.531599
-10.0,50,97.558073
-6.0,50,97.586403
0.0,50,97.614365
-6.0,50,97.642656
-3.0,50,97.670079
-5.0,50,97.69723
-5.0,50,97.724204
-10.0,50,97.751676
-6.0,50,97.779114
-12.0,50,97.807154
0.0,50,97.834225
-6.0,50,97.862478
0.0,50,97.89838
-1.0,50,97.926027
0.0,50,97.954573
-10.0,50,97.983375
-13.0,50,98.012107
-11.0,50,98.040019
-5.0,50,98.06826
-6.0,50,98.096124
-7.0,50,98.126926
-5.0,50,98.155419
-8.0,50,98.184295
-10.0,50,98.213139
-6.0,50,98.240969
-15.0,50,98.269317
-4.0,50,98.298402
-7.0,50,98.32765
-8.0,50,98.356517
-11.0,50,98.391175
-4.0,50,98.420668
-9.0,50,98.449681
-7.0,50,98.478718
-10.0,50,98.508018
-13.0,50,98.537616
-15.0,50,98.567596
-4.0,50,98.596791
-11.0,50,98.625869
-14.0,50,98.654814
-4.0,50,98.683544
-5.0,50,98.712589
-7.0,50,98.740945
-3.0,50,98.769618
-8.0,50,98.798419
-13.0,50,98.827564
-7.0,50,98.856854
-8.0,50,98.891093
-5.0,50,98.920068
-4.0,50,98.949321
-11.0,50,98.979042
-9.0,50,99.008765
-10.0,50,99.037113
-8.0,50,99.066234
-3.0,50,99.094775
-7.0,50,99.123615
-11.0,50,99.151428
-10.0,50,99.610979
-12.0,50,99.640867
-12.0,50,99.670603
-11.0,50,99.699895
-8.0,50,99.728669
-9.0,50,99.757618
-3.0,50,99.786197
-12.0,50,99.814821
-10.0,50,99.843487
-4.0,50,99.873874
-5.0,50,99.908662
-5.0,50,99.937753
-7.0,50,99.967076
0.0,50,99.997337
-4.0,50,100.025696
-7.0,50,100.054341
-8.0,50,100.083666
-13.0,50,100.113314
-8.0,50,100.142243
-8.0,50,100.171132
-9.0,50,100.200079
-10.0,50,100.229739
0.0,50,100.258939
-12.0,50,100.288337
0.0,50,100.317226
-10.0,50,100.34649
-2.0,50,100.38098
-11.0,50,100.411417
-3.0,50,100.440295
-1.0,50,100.46886
-14.0,50,100.499267
-7.0,50,100.528201
-9.0,50,100.557244
-11.0,50,100.586239
-10.0,50,100.615708
-9.0,50,100.644421
-1.0,50,100.672556
-11.0,50,100.701953
-10.0,50,100.730281
-8.0,50,100.759003
-6.0,50,100.788317
-11.0,50,100.81791
-10.0,50,100.846888
-10.0,50,100.881748
-10.0,50,100.913018
-3.0,50,100.942089
-5.0,50,100.971865
-12.0,50,101.001572
-11.0,50,101.030484
-3.0,50,101.059825
-12.0,50,101.088659
-3.0,50,101.118255
-11.0,50,101.146257
-8.0,50,101.174092
-3.0,50,101.202931
-9.0,50,101.231406
-3.0,50,101.260004
-5.0,50,101.289192
-13.0,50,101.319204
0.0,50,101.348315
-9.0,50,101.383504
-12.0,50,101.414336
-3.0,50,101.443677
-8.0,50,101.473396
-5.0,50,101.503434
-8.0,50,101.5328
-6.0,50,101.562071
-9.0,50,101.591188
-4.0,50,101.620755
-13.0,50,101.649746
-7.0,50,101.678814
-11.0,50,101.707668
-6.0,50,101.736483
-10.0,50,101.764895
-13.0,50,101.794374
-7.0,50,101.823132
0.0,50,101.851526
-5.0,50,101.884672
-12.0,50,101.914176
-6.0,50,101.94237
-4.0,50,101.970959
-12.0,50,102.000829
-6.0,50,102.029793
0.0,50,102.058846
-9.0,50,102.088
-7.0,50,102.116674
-9.0,50,102.145752
-4.0,50,102.175287
-9.0,50,102.204803
-10.0,50,102.233678
-7.0,50,102.261968
-8.0,50,102.290754
-8.0,50,102.319021
-7.0,50,102.347054
-10.0,50,102.377534
-9.0,50,102.408355
-8.0,50,102.435936
-7.0,50,102.464671
-9.0,50,102.494972
-10.0,50,102.524056
-8.0,50,102.986094
-8.0,50,103.016183
-8.0,50,103.045818
-9.0,50,103.074267
-5.0,50,103.103371
-11.0,50,103.132702
-10.0,50,103.161887
-9.0,50,103.190653
-11.0,50,103.219538
0.0,50,103.249131
-9.0,50,103.278076
-8.0,50,103.307149
-5.0,50,103.336679
-9.0,50,103.365482
-11.0,50,103.399051
-5.0,50,103.428094
-6.0,50,103.457271
-10.0,50,103.486971
-6.0,50,103.517216
-8.0,50,103.546273
0.0,50,103.575745
-7.0,50,103.604799
-5.0,50,103.633867
0.0,50,103.663023
0.0,50,103.692316
-11.0,50,103.721124
-7.0,50,103.749477
-6.0,50,103.778094
-8.0,50,103.807205
-2.0,50,103.835997
-12.0,50,103.864523
-10.0,50,103.89877
-10.0,50,103.927091
-7.0,50,103.954632
-5.0,50,103.982828
-10.0,50,104.012213
-6.0,50,104.040946
-2.0,50,104.069724
-9.0,50,104.098915
-7.0,50,104.12782
-7.0,50,104.156754
-4.0,50,104.185597
-12.0,50,104.214619
-9.0,50,104.24343
-10.0,50,104.271854
-1.0,50,104.300531
-10.0,50,104.328371
-8.0,50,104.356518
-7.0,50,104.389224
-9.0,50,104.418151
-3.0,50,104.446167
-1.0,50,104.474727
-9.0,50,104.505499
-7.0,50,104.53437
-9.0,50,104.563428
-2.0,50,104.592258
-5.0,50,104.621753
-10.0,50,104.650962
-1.0,50,104.680327
-5.0,50,104.70936
-11.0,50,104.738381
-11.0,50,104.767422
-4.0,50,104.796102
-12.0,50,104.824386
-13.0,50,104.853153
-8.0,50,104.885163
-9.0,50,104.914204
-9.0,50,104.942232
-7.0,50,104.970719
-9.0,50,105.000545
-12.0,50,105.029369
-6.0,50,105.05831
-12.0,50,105.086887
-11.0,50,105.116141
-3.0,50,105.145079
-8.0,50,105.173614
-12.0,50,105.201671
-13.0,50,105.229575
-9.0,50,105.257315
-6.0,50,105.285651
-9.0,50,105.314338
-8.0,50,105.34235
-7.0,50,105.370889
-2.0,50,105.40556
-8.0,50,105.434235
-8.0,50,105.463441
-2.0,50,105.493287
-2.0,50,105.522229
-12.0,50,105.550755
-10.0,50,105.579298
-7.0,50,105.609204
-5.0,50,105.638184
-6.0,50,105.667878
-9.0,50,105.696335
-5.0,50,105.724972
-2.0,50,105.753239
-11.0,50,105.78171
-9.0,50,105.809873
-7.0,50,105.838487
-12.0,50,105.866412
-3.0,50,106.330661
-4.0,50,106.360537
-4.0,50,106.393436
-5.0,50,106.422256
0.0,50,106.451983
-8.0,50,106.481005
-3.0,50,106.510223
-5.0,50,106.538751
0.0,50,106.567453
-10.0,50,106.596017
-12.0,50,106.625582
-12.0,50,106.654223
-11.0,50,106.682302
-16.0,50,106.710599
-11.0,50,106.739153
-4.0,50,106.767208
-8.0,50,106.794926
-2.0,50,106.823173
-11.0,50,106.851185
-12.0,50,106.885047
-6.0,50,106.914922
-4.0,50,106.943431
-5.0,50,106.971634
-11.0,50,107.000662
-8.0,50,107.029488
-5.0,50,107.058359
0.0,50,107.086765
-8.0,50,107.115709
0.0,50,107.14409
-11.0,50,107.172355
-7.0,50,107.201213
-9.0,50,107.230429
-5.0,50,107.259439
-8.0,50,107.289236
-1.0,50,107.316799
-7.0,50,107.344592
-8.0,50,107.372904
-10.0,50,107.407566
-12.0,50,107.435358
-4.0,50,107.464029
-4.0,50,107.493634
-7.0,50,107.522579
-4.0,50,107.551477
-10.0,50,107.579859
-4.0,50,107.609806
-6.0,50,107.637673
-10.0,50,107.665512
-8.0,50,107.693374
-8.0,50,107.722045
-11.0,50,107.749645
-8.0,50,107.778864
-13.0,50,107.80713
-8.0,50,107.835468
-6.0,50,107.863719
-8.0,50,107.899531
-6.0,50,107.92847
-10.0,50,107.956827
-5.0,50,107.985562
-11.0,50,108.015715
-7.0,50,108.044481
-8.0,50,108.072779
-6.0,50,108.101594
-9.0,50,108.131365
-10.0,50,108.159978
-9.0,50,108.188087
-5.0,50,108.21766
-8.0,50,108.245656
-12.0,50,108.273513
-9.0,50,108.301697
-15.0,50,108.329601
-6.0,50,108.357276
-7.0,50,108.392137
-7.0,50,108.420575
-7.0,50,108.449753
-9.0,50,108.478759
-8.0,50,108.509199
-9.0,50,108.53719
-8.0,50,108.567145
-11.0,50,108.59549
-5.0,50,108.623677
-9.0,50,108.651851
-10.0,50,108.679617
-10.0,50,108.708109
-7.0,50,108.736217
-7.0,50,108.764237
-8.0,50,108.792863
-2.0,50,108.821549
-6.0,50,108.849224
-7.0,50,108.881899
-9.0,50,108.913021
-7.0,50,108.940459
-12.0,50,108.970134
-10.0,50,108.998474
-8.0,50,109.025778
-8.0,50,109.053858
-4.0,50,109.08185
0.0,50,109.110464
-5.0,50,109.139542
-3.0,50,109.168424
-8.0,50,109.197352
-10.0,50,109.659593
-8.0,50,109.693344
-2.0,50,109.72229
-8.0,50,109.751726
-5.0,50,109.780267
-11.0,50,109.809237
-6.0,50,109.837211
-6.0,50,109.865067
-9.0,50,109.899642
-10.0,50,109.928905
-2.0,50,109.958182
-8.0,50,109.987779
-8.0,50,110.016417
-9.0,50,110.044374
-11.0,50,110.07296
-4.0,50,110.101322
-4.0,50,110.130814
-7.0,50,110.159925
-9.0,50,110.188732
-3.0,50,110.217371
-3.0,50,110.24884
-7.0,50,110.278999
-9.0,50,110.308687
-8.0,50,110.337694
-4.0,50,110.367583
-1.0,50,110.402843
-7.0,50,110.432435
0.0,50,110.459553
0.0,50,110.487805
-8.0,50,110.516914
-5.0,50,110.543995
-2.0,50,110.572645
-11.0,50,110.601093
-4.0,50,110.631124
-6.0,50,110.658313
-5.0,50,110.687225
-10.0,50,110.716622
-3.0,50,110.746042
-10.0,50,110.775087
-10.0,50,110.802693
-9.0,50,110.830203
0.0,50,110.858927
-6.0,50,110.894881
0.0,50,110.923702
-4.0,50,110.95122
-7.0,50,110.97805
-8.0,50,111.006297
-5.0,50,111.035973
-8.0,50,111.06459
-12.0,50,111.093269
-6.0,50,111.123038
-8.0,50,111.152729
-11.0,50,111.180479
-2.0,50,111.20756
-9.0,50,111.234965
-7.0,50,111.261928
-7.0,50,111.288718
-3.0,50,111.31649
-8.0,50,111.343557
-9.0,50,111.374202
-3.0,50,111.415897
-5.0,50,111.446048
-4.0,50,111.473059
-6.0,50,111.50117
-6.0,50,111.529116
-8.0,50,111.557379
-2.0,50,111.584939
-5.0,50,111.613136
-8.0,50,111.640863
-4.0,50,111.669445
-9.0,50,111.696461
-9.0,50,111.72361
-9.0,50,111.752173
-6.0,50,111.779854
-2.0,50,111.80745
-8.0,50,111.835159
-3.0,50,111.862449
-3.0,50,111.895151
-9.0,50,111.925333
-3.0,50,111.953042
-11.0,50,111.981863
-5.0,50,112.010356
-8.0,50,112.039179
-6.0,50,112.067762
-8.0,50,112.09573
0.0,50,112.124758
-8.0,50,112.153464
-8.0,50,112.181809
0.0,50,112.211584
0.0,50,112.241259
-6.0,50,112.2696
-3.0,50,112.297938
-9.0,50,112.326613
-4.0,50,112.355422
-2.0,50,112.388331
-8.0,50,112.417605
-8.0,50,112.445772
-6.0,50,112.474708
-1.0,50,112.50351
-2.0,50,112.53296
-11.0,50,112.999451
-5.0,50,113.032562
-5.0,50,113.061236
-12.0,50,113.089501
0.0,50,113.118919
0.0,50,113.147571
-10.0,50,113.175719
-5.0,50,113.204509
-12.0,50,113.23293
-12.0,50,113.261359
-1.0,50,113.290469
-5.0,50,113.319409
-10.0,50,113.348557
-5.0,50,113.380044
-8.0,50,113.410996
-7.0,50,113.439736
-9.0,50,113.468606
-4.0,50,113.49797
-8.0,50,113.527016
-2.0,50,113.556039
0.0,50,113.58503
-6.0,50,113.613755
0.0,50,113.642422
-11.0,50,113.670803
-7.0,50,113.698748
-8.0,50,113.728384
-9.0,50,113.75625
-6.0,50,113.785191
-8.0,50,113.814902
-3.0,50,113.844392
-3.0,50,113.873552
-5.0,50,113.908407
-7.0,50,113.936996
-11.0,50,113.965858
0.0,50,113.993961
-9.0,50,114.022488
-3.0,50,114.050848
-1.0,50,114.079346
-2.0,50,114.107951
-10.0,50,114.136614
0.0,50,114.166352
-3.0,50,114.19485
-6.0,50,114.22473
-4.0,50,114.253709
-8.0,50,114.282933
-10.0,50,114.312294
-3.0,50,114.341173
-1.0,50,114.370359
-3.0,50,114.403599
-14.0,50,114.431918
-4.0,50,114.460142
-2.0,50,114.487812
0.0,50,114.516584
0.0,50,114.54487
-6.0,50,114.573167
-10.0,50,114.602264
-8.0,50,114.631423
-9.0,50,114.660645
-8.0,50,114.689719
-5.0,50,114.719484
-3.0,50,114.748238
-5.0,50,114.777272
-5.0,50,114.806252
-7.0,50,114.834738
-8.0,50,114.862968
-14.0,50,114.900468
-10.0,50,114.931899
-4.0,50,114.960605
-6.0,50,114.98946
-10.0,50,115.018713
-9.0,50,115.047672
-1.0,50,115.076528
-9.0,50,115.105016
-8.0,50,115.134282
-10.0,50,115.163676
-3.0,50,115.199794
-7.0,50,115.228576
-6.0,50,115.257767
-6.0,50,115.285727
-3.0,50,115.31417
-5.0,50,115.341954
-12.0,50,115.369828
-3.0,50,115.403108
0.0,50,115.432783
-8.0,50,115.461921
-4.0,50,115.491176
-8.0,50,115.51989
-7.0,50,115.54828
-6.0,50,115.576715
-7.0,50,115.605785
-7.0,50,115.635324
-1.0,50,115.664456
-8.0,50,115.693679
-9.0,50,115.722288
-10.0,50,115.751303
0.0,50,115.780357
-10.0,50,115.808639
-5.0,50,115.836907
-2.0,50,115.865477
0.0,50,115.898199
-8.0,50,116.336428
-7.0,50,116.36564
-5.0,50,116.396379
-8.0,50,116.425413
-7.0,50,116.454279
-2.0,50,116.484149
-5.0,50,116.513821
-9.0,50,116.544271
-2.0,50,116.573666
-11.0,50,116.60291
-6.0,50,116.632306
-4.0,50,116.660961
-1.0,50,116.689803
-8.0,50,116.719265
-5.0,50,116.749164
-4.0,50,116.778508
-6.0,50,116.808074
-5.0,50,116.837908
0.0,50,116.867414
-4.0,50,116.900884
-4.0,50,116.930223
-5.0,50,116.959857
-4.0,50,116.989071
-7.0,50,117.018261
-8.0,50,117.047369
-6.0,50,117.075839
-2.0,50,117.104201
-10.0,50,117.13301
-8.0,50,117.16172
-4.0,50,117.190104
-4.0,50,117.218858
-9.0,50,117.247911
-8.0,50,117.276608
-7.0,50,117.306437
-9.0,50,117.335309
-3.0,50,117.36464
-5.0,50,117.39729
-9.0,50,117.426708
-4.0,50,117.45601
-8.0,50,117.485025
0.0,50,117.514891
-2.0,50,117.543946
-9.0,50,117.572216
-8.0,50,117.600833
-2.0,50,117.629227
-6.0,50,117.657528
-9.0,50,117.686377
-3.0,50,117.715719
-10.0,50,117.744898
-11.0,50,117.773681
-11.0,50,117.802144
-7.0,50,117.83167
-9.0,50,117.860546
-12.0,50,117.892719
-10.0,50,117.92191
-5.0,50,117.950473
0.0,50,117.979484
-7.0,50,118.008881
-11.0,50,118.037102
-3.0,50,118.065215
-8.0,50,118.093526
-8.0,50,118.122731
-5.0,50,118.151665
-4.0,50,118.179976
-4.0,50,118.210359
-8.0,50,118.239424
-4.0,50,118.268127
-10.0,50,118.296918
-8.0,50,118.326322
-9.0,50,118.355433
-4.0,50,118.387344
-6.0,50,118.415956
-3.0,50,118.445019
-10.0,50,118.473427
-9.0,50,118.503253
-9.0,50,118.532188
-9.0,50,118.560581
-5.0,50,118.588718
-3.0,50,118.617288
-9.0,50,118.646295
-9.0,50,118.67544
-12.0,50,118.704206
-12.0,50,118.733171
-6.0,50,118.762495
-11.0,50,118.79112
-7.0,50,118.820146
-10.0,50,118.849312
-4.0,50,118.880634
-4.0,50,118.911479
-7.0,50,118.940622
-3.0,50,118.969104
-5.0,50,118.997705
-10.0,50,119.026199
-5.0,50,119.054053
0.0,50,119.082876
-6.0,50,119.11099
-13.0,50,119.140243
-5.0,50,119.168929
-9.0,50,119.197806
-12.0,50,119.227065
-9.0,50,119.683262
-6.0,50,119.712935
-6.0,50,119.742567
-2.0,50,119.77141
-9.0,50,119.799881
-2.0,50,119.828673
-7.0,50,119.857781
-8.0,50,119.891863
-4.0,50,119.921942
-3.0,50,119.95084
-8.0,50,119.980225
-6.0,50,120.009778
-3.0,50,120.0389
-7.0,50,120.06794
-5.0,50,120.096756
-6.0,50,120.126373
-7.0,50,120.156387
-10.0,50,120.185079
-10.0,50,120.214137
-8.0,50,120.243105
-2.0,50,120.27207
-5.0,50,120.300889
-5.0,50,120.329889
-1.0,50,120.359074
-4.0,50,120.393007
-10.0,50,120.421902
-9.0,50,120.451099
-9.0,50,120.480086
-9.0,50,120.50985
-2.0,50,120.539281
-8.0,50,120.568039
0.0,50,120.596794
-10.0,50,120.625313
-1.0,50,120.65438
-9.0,50,120.684128
-7.0,50,120.712
-10.0,50,120.740064
-9.0,50,120.768122
-10.0,50,120.795694
-3.0,50,120.823974
-9.0,50,120.852588
-7.0,50,120.884245
-4.0,50,120.914436
-6.0,50,120.9436
-10.0,50,120.973305
-8.0,50,121.003162
-5.0,50,121.031957
-11.0,50,121.061167
-10.0,50,121.09045
-7.0,50,121.11922
-5.0,50,121.148264
-7.0,50,121.177367
-4.0,50,121.206249
-10.0,50,121.235444
-3.0,50,121.264632
-3.0,50,121.294042
-10.0,50,121.322747
-11.0,50,121.351294
-9.0,50,121.382632
-2.0,50,121.41318
-3.0,50,121.44176
-3.0,50,121.4696
-6.0,50,121.498785
-8.0,50,121.528317
-8.0,50,121.556661
-4.0,50,121.588836
-5.0,50,121.618476
-7.0,50,121.648132
-1.0,50,121.677132
-8.0,50,121.706643
-7.0,50,121.735279
-7.0,50,121.764269
-9.0,50,121.793132
-10.0,50,121.821894
-9.0,50,121.850177
-3.0,50,121.880245
-6.0,50,121.911942
-2.0,50,121.940992
-11.0,50,121.970158
-4.0,50,122.000131
-10.0,50,122.029633
-3.0,50,122.058473
-8.0,50,122.08737
-2.0,50,122.11658
-6.0,50,122.145555
-7.0,50,122.175183
-2.0,50,122.203907
-10.0,50,122.232123
-3.0,50,122.260846
0.0,50,122.289556
-12.0,50,122.317841
-10.0,50,122.346629
-1.0,50,122.375282
-10.0,50,122.408011
-4.0,50,122.437258
-8.0,50,122.467452
-6.0,50,122.497161
-5.0,50,122.525843
-4.0,50,122.554488
-10.0,50,122.584481
-9.0,50,123.026736
-9.0,50,123.055643
-10.0,50,123.084598
-6.0,50,123.113843
-9.0,50,123.142977
-9.0,50,123.171739
-9.0,50,123.201013
-9.0,50,123.229769
-2.0,50,123.258732
-10.0,50,123.28759
-6.0,50,123.317132
-5.0,50,123.345978
-12.0,50,123.374798
-5.0,50,123.406377
-7.0,50,123.436519
-3.0,50,123.466133
-8.0,50,123.495497
-4.0,50,123.524284
-5.0,50,123.553366
-9.0,50,123.583142
-6.0,50,123.611868
-9.0,50,123.641152
-3.0,50,123.670159
-9.0,50,123.698992
0.0,50,123.727767
-5.0,50,123.75605
-7.0,50,123.784968
-8.0,50,123.813633
-3.0,50,123.842155
-3.0,50,123.87082
-3.0,50,123.905414
-6.0,50,123.933748
-4.0,50,123.962615
-5.0,50,123.991884
-8.0,50,124.022847
-8.0,50,124.051872
-5.0,50,124.08044
-4.0,50,124.108989
0.0,50,124.138558
-7.0,50,124.168364
-5.0,50,124.19781
-6.0,50,124.226331
-8.0,50,124.255492
-9.0,50,124.284191
-7.0,50,124.312209
-1.0,50,124.341244
-3.0,50,124.369733
0.0,50,124.401555
-8.0,50,124.431329
-10.0,50,124.460499
-9.0,50,124.489993
-4.0,50,124.519625
-8.0,50,124.549745
-5.0,50,124.578929
-3.0,50,124.606822
-7.0,50,124.63534
-3.0,50,124.663955
-6.0,50,124.692934
-5.0,50,124.721001
-5.0,50,124.748935
-7.0,50,124.779318
-4.0,50,124.808405
-10.0,50,124.838674
-6.0,50,124.868178
-8.0,50,124.900613
-7.0,50,124.930893
-12.0,50,124.960665
-8.0,50,124.989474
-6.0,50,125.017844
-9.0,50,125.046907
-8.0,50,125.074662
-7.0,50,125.103324
-10.0,50,125.1322
-7.0,50,125.160748
-8.0,50,125.189562
-4.0,50,125.218775
-1.0,50,125.247941
-5.0,50,125.277499
-2.0,50,125.305916
-6.0,50,125.335521
-2.0,50,125.36393
-8.0,50,125.397318
-7.0,50,125.426595
0.0,50,125.455308
-4.0,50,125.484191
-4.0,50,125.513332
-4.0,50,125.543041
-3.0,50,125.572498
-9.0,50,125.601637
-1.0,50,125.630809
-7.0,50,125.659595
-9.0,50,125.688491
-11.0,50,125.717168
-4.0,50,125.745546
-6.0,50,125.774369
-4.0,50,125.802852
-8.0,50,125.831882
-4.0,50,125.860332
-3.0,50,125.893184
-6.0,50,125.922741
-7.0,50,126.362003
-7.0,50,126.396359
-4.0,50,126.426865
-8.0,50,126.455862
-8.0,50,126.484415
-3.0,50,126.514132
-9.0,50,126.543858
-7.0,50,126.572799
-2.0,50,126.602781
-9.0,50,126.631968
-7.0,50,126.660803
-6.0,50,126.690449
-6.0,50,126.720665
-6.0,50,126.750719
-10.0,50,126.781084
-7.0,50,126.810741
-8.0,50,126.839134
-10.0,50,126.86816
-9.0,50,126.902864
-8.0,50,126.93228
-6.0,50,126.961248
-7.0,50,126.990373
-2.0,50,127.021207
-12.0,50,127.052046
-2.0,50,127.081461
-3.0,50,127.11117
-1.0,50,127.142039
-5.0,50,127.170853
-8.0,50,127.200008
-5.0,50,127.22836
-9.0,50,127.257083
-7.0,50,127.285992
-2.0,50,127.315041
0.0,50,127.344629
-6.0,50,127.373905
-5.0,50,127.406852
-4.0,50,127.436193
0.0,50,127.464955
-8.0,50,127.494089
-3.0,50,127.523931
-7.0,50,127.554119
-4.0,50,127.583083
-6.0,50,127.611945
-5.0,50,127.640853
-8.0,50,127.668971
-5.0,50,127.697863
-4.0,50,127.72691
-5.0,50,127.755643
-7.0,50,127.783731
-3.0,50,127.812278
-7.0,50,127.841158
-1.0,50,127.870444
-3.0,50,127.903422
-7.0,50,127.932966
-7.0,50,127.962245
-10.0,50,127.991531
-1.0,50,128.020555
-9.0,50,128.049071
0.0,50,128.077885
-5.0,50,128.10669
-3.0,50,128.136081
-11.0,50,128.16452
-5.0,50,128.193305
-10.0,50,128.221903
-3.0,50,128.251381
0.0,50,128.280857
-9.0,50,128.309732
-10.0,50,128.339221
-7.0,50,128.368669
0.0,50,128.400826
-6.0,50,128.429418
-5.0,50,128.457794
-10.0,50,128.486694
-5.0,50,128.515505
-4.0,50,128.544752
-10.0,50,128.573512
-4.0,50,128.602864
-10.0,50,128.631872
-6.0,50,128.661093
-6.0,50,128.690095
-11.0,50,128.719441
-11.0,50,128.748238
0.0,50,128.777547
-7.0,50,128.806624
-6.0,50,128.836081
-5.0,50,128.865062
-8.0,50,128.899291
-5.0,50,128.928791
-8.0,50,128.957212
-9.0,50,128.986494
-6.0,50,129.01632
-9.0,50,129.045777
-1.0,50,129.074389
0.0,50,129.10343
-8.0,50,129.133236
-2.0,50,129.162977
-6.0,50,129.190876
-12.0,50,129.218892
-8.0,50,129.247406
-6.0,50,129.275476
-8.0,50,129.734802
-4.0,50,129.763988
-8.0,50,129.793226
-5.0,50,129.822345
-9.0,50,129.852247
-7.0,50,129.886156
-8.0,50,129.916655
-5.0,50,129.94601
-7.0,50,129.974918
-1.0,50,130.004158
-4.0,50,130.033881
-10.0,50,130.062893
-2.0,50,130.092097
-6.0,50,130.121264
-8.0,50,130.150572
-4.0,50,130.179913
-7.0,50,130.209185
-1.0,50,130.238678
-4.0,50,130.267293
-2.0,50,130.296061
-9.0,50,130.325472
-2.0,50,130.354695
-6.0,50,130.389151
-10.0,50,130.419455
-6.0,50,130.448631
-4.0,50,130.477746
-7.0,50,130.50647
-5.0,50,130.53679
-3.0,50,130.566021
-4.0,50,130.596168
-7.0,50,130.624269
-6.0,50,130.653023
-7.0,50,130.681255
-10.0,50,130.709103
-8.0,50,130.737762
-4.0,50,130.766492
-6.0,50,130.795688
-3.0,50,130.823903
0.0,50,130.853275
-10.0,50,130.885975
-7.0,50,130.916268
-2.0,50,130.945696
-2.0,50,130.974961
-8.0,50,131.004093
-1.0,50,131.033775
-9.0,50,131.062951
-8.0,50,131.091546
-5.0,50,131.119765
-9.0,50,131.148637
-3.0,50,131.176548
-5.0,50,131.204614
-4.0,50,131.232859
-7.0,50,131.261735
-5.0,50,131.290387
-3.0,50,131.3195
-7.0,50,131.34878
-4.0,50,131.378842
-3.0,50,131.412003
-3.0,50,131.441286
-6.0,50,131.470374
-4.0,50,131.499438
-8.0,50,131.528911
-2.0,50,131.558392
-7.0,50,131.587503
-10.0,50,131.615949
-6.0,50,131.644331
-10.0,50,131.672706
-4.0,50,131.701588
-5.0,50,131.731166
-3.0,50,131.759696
-6.0,50,131.788098
-2.0,50,131.817231
-8.0,50,131.846567
-10.0,50,131.875881
-6.0,50,131.91076
-9.0,50,131.940216
-9.0,50,131.969177
0.0,50,131.998452
-3.0,50,132.027936
-6.0,50,132.056506
-4.0,50,132.085042
-3.0,50,132.113197
-1.0,50,132.142632
-7.0,50,132.170836
-3.0,50,132.199425
-7.0,50,132.228133
-7.0,50,132.257102
-4.0,50,132.286364
-8.0,50,132.315587
-6.0,50,132.345218
-3.0,50,132.373932
-2.0,50,132.406912
-5.0,50,132.436048
-7.0,50,132.465121
-5.0,50,132.493634
-7.0,50,132.522474
-5.0,50,132.553374
-3.0,50,132.581727
-3.0,50,132.609993
-8.0,50,132.638795
-6.0,50,133.09735
-6.0,50,133.127004
-4.0,50,133.156573
-7.0,50,133.185858
-2.0,50,133.215167
-8.0,50,133.244956
-1.0,50,133.273767
-7.0,50,133.304044
-7.0,50,133.333369
-6.0,50,133.362157
-2.0,50,133.396344
-6.0,50,133.425924
-4.0,50,133.454861
-3.0,50,133.483808
-5.0,50,133.513703
-1.0,50,133.543144
-9.0,50,133.572023
-8.0,50,133.600685
-4.0,50,133.630025
-6.0,50,133.659165
-7.0,50,133.688235
0.0,50,133.716452
-4.0,50,133.745062
-8.0,50,133.773407
-4.0,50,133.801731
0.0,50,133.829995
-4.0,50,133.858892
-4.0,50,133.894024
-9.0,50,133.927416
-6.0,50,133.956565
-10.0,50,133.985494
-1.0,50,134.014514
-5.0,50,134.043657
-2.0,50,134.072683
-5.0,50,134.101707
-2.0,50,134.130762
-8.0,50,134.159895
-5.0,50,134.188614
-7.0,50,134.21737
-9.0,50,134.245863
-2.0,50,134.275066
-2.0,50,134.30315
-8.0,50,134.331118
-12.0,50,134.359509
-10.0,50,134.395354
-10.0,50,134.428755
-1.0,50,134.457721
-1.0,50,134.486356
-1.0,50,134.515826
0.0,50,134.545115
-2.0,50,134.573838
-3.0,50,134.602971
-9.0,50,134.631827
-5.0,50,134.659921
-5.0,50,134.688712
-10.0,50,134.717094
-3.0,50,134.745786
-10.0,50,134.773926
0.0,50,134.802087
-4.0,50,134.830574
-3.0,50,134.859199
-5.0,50,134.89438
-3.0,50,134.928307
-7.0,50,134.957167
-10.0,50,134.985816
-7.0,50,135.015585
-7.0,50,135.044627
-10.0,50,135.073807
-5.0,50,135.102593
-2.0,50,135.131629
-3.0,50,135.160175
-2.0,50,135.187793
-7.0,50,135.216001
-3.0,50,135.244438
-8.0,50,135.272944
-5.0,50,135.3013
-9.0,50,135.329934
-4.0,50,135.359035
-4.0,50,135.392235
-3.0,50,135.421791
-5.0,50,135.450968
-3.0,50,135.479998
-7.0,50,135.509307
-3.0,50,135.539064
-9.0,50,135.568215
-9.0,50,135.597294
-9.0,50,135.626581
-6.0,50,135.656121
-5.0,50,135.685068
-6.0,50,135.712851
-8.0,50,135.740605
-9.0,50,135.768798
-6.0,50,135.797644
-9.0,50,135.825042
-10.0,50,135.85367
-5.0,50,135.885076
-5.0,50,135.916987
-4.0,50,135.94615
-10.0,50,135.974889
0.0,50,136.003845
-8.0,50,136.463586
-3.0,50,136.492925
-3.0,50,136.52187
-10.0,50,136.552666
-5.0,50,136.583544
-7.0,50,136.613157
-8.0,50,136.643048
-2.0,50,136.672037
-8.0,50,136.700571
0.0,50,136.729114
-6.0,50,136.758444
-4.0,50,136.787556
-3.0,50,136.816968
-3.0,50,136.846323
-8.0,50,136.875095
-8.0,50,136.90945
-1.0,50,136.938448
-5.0,50,136.967459
-8.0,50,136.99609
-7.0,50,137.025787
-10.0,50,137.054806
-8.0,50,137.08401
-4.0,50,137.112762
-9.0,50,137.143162
-7.0,50,137.172102
-8.0,50,137.20064
-7.0,50,137.229787
-5.0,50,137.259135
-5.0,50,137.288342
-9.0,50,137.316965
-5.0,50,137.346242
-9.0,50,137.375072
-7.0,50,137.411689
-8.0,50,137.440487
0.0,50,137.46804
-5.0,50,137.495831
-8.0,50,137.523745
-7.0,50,137.552494
-8.0,50,137.581198
-8.0,50,137.610203
-7.0,50,137.63918
-3.0,50,137.668299
-2.0,50,137.697289
-5.0,50,137.726255
-4.0,50,137.755565
-7.0,50,137.784655
-11.0,50,137.813296
-9.0,50,137.842035
-10.0,50,137.870629
-1.0,50,137.905402
-5.0,50,137.934049
-3.0,50,137.963065
-8.0,50,137.990787
-8.0,50,138.019531
-3.0,50,138.048644
-8.0,50,138.07861
-10.0,50,138.108063
-5.0,50,138.1378
-7.0,50,138.167285
0.0,50,138.196875
-8.0,50,138.227958
-6.0,50,138.257042
-1.0,50,138.2865
-5.0,50,138.315689
-4.0,50,138.345303
-10.0,50,138.374374
-1.0,50,138.409683
-4.0,50,138.439139
-4.0,50,138.467965
-1.0,50,138.4973
-1.0,50,138.525744
-4.0,50,138.556479
-4.0,50,138.584647
-4.0,50,138.613067
-3.0,50,138.641253
-8.0,50,138.66944
-11.0,50,138.697768
-8.0,50,138.72607
-9.0,50,138.757102
-1.0,50,138.785844
-7.0,50,138.81506
-10.0,50,138.844559
-7.0,50,138.873286
-7.0,50,138.907947
-9.0,50,138.937392
-11.0,50,138.965972
-10.0,50,138.995229
-5.0,50,139.024267
-9.0,50,139.052801
-6.0,50,139.081093
-10.0,50,139.109308
-7.0,50,139.137546
-4.0,50,139.165265
0.0,50,139.193062
-5.0,50,139.221021
-7.0,50,139.249589
-2.0,50,139.278317
-1.0,50,139.306459
0.0,50,139.335596
-8.0,50,139.364519
-6.0,50,139.828601
-1.0,50,139.857473
-7.0,50,139.892097
-3.0,50,139.92341
-9.0,50,139.95206
-5.0,50,139.980677
0.0,50,140.009094
-4.0,50,140.038417
-8.0,50,140.066938
-8.0,50,140.0955
-5.0,50,140.124299
-6.0,50,140.152868
-2.0,50,140.181139
-2.0,50,140.208706
-4.0,50,140.237015
-5.0,50,140.264762
-6.0,50,140.29216
-8.0,50,140.319889
-7.0,50,140.3484
-6.0,50,140.377367
-1.0,50,140.409625
-10.0,50,140.438612
-3.0,50,140.467436
-8.0,50,140.495741
-8.0,50,140.524554
-9.0,50,140.553839
-5.0,50,140.582393
-7.0,50,140.611145
-7.0,50,140.639676
-3.0,50,140.668184
-8.0,50,140.696571
-9.0,50,140.724734
-10.0,50,140.75336
-7.0,50,140.78108
-9.0,50,140.808887
-9.0,50,140.837637
-5.0,50,140.865107
-10.0,50,140.898197
0.0,50,140.927139
-5.0,50,140.956011
-5.0,50,140.984261
-3.0,50,141.012485
-3.0,50,141.042403
-5.0,50,141.072673
-7.0,50,141.102439
-10.0,50,141.130803
-7.0,50,141.160133
-9.0,50,141.188414
-4.0,50,141.216994
-4.0,50,141.245718
-7.0,50,141.273332
-3.0,50,141.301622
-8.0,50,141.330366
-11.0,50,141.35953
-10.0,50,141.393319
-10.0,50,141.429142
-2.0,50,141.460738
-10.0,50,141.488158
-8.0,50,141.515898
-1.0,50,141.544312
-2.0,50,141.572179
-4.0,50,141.600881
-7.0,50,141.62937
-9.0,50,141.657896
-4.0,50,141.685781
-11.0,50,141.713397
-5.0,50,141.741209
-9.0,50,141.769345
-6.0,50,141.796854
0.0,50,141.824524
-6.0,50,141.852685
-10.0,50,141.881539
-3.0,50,141.914294
-1.0,50,141.94289
-8.0,50,141.970707
-3.0,50,141.999294
-6.0,50,142.027686
0.0,50,142.056359
-3.0,50,142.085136
-7.0,50,142.113403
-7.0,50,142.142458
-3.0,50,142.171531
-7.0,50,142.199365
-3.0,50,142.228308
-10.0,50,142.257003
-9.0,50,142.285172
-4.0,50,142.313802
-7.0,50,142.342383
-4.0,50,142.370654
-6.0,50,142.402188
-9.0,50,142.430363
-4.0,50,142.460007
-8.0,50,142.488838
-2.0,50,142.516595
-8.0,50,142.546268
-8.0,50,142.574149
-5.0,50,142.602977
-9.0,50,142.631006
-8.0,50,142.660442
-10.0,50,142.691376
-2.0,50,143.177955
-2.0,50,143.215366
-4.0,50,143.247828
-8.0,50,143.284985
0.0,50,143.318259
-3.0,50,143.352739
-5.0,50,143.392934
-2.0,50,143.426636
-6.0,50,143.459248
-7.0,50,143.492439
0.0,50,143.52183
-4.0,50,143.5517
-3.0,50,143.580631
-6.0,50,143.609632
-4.0,50,143.638489
-3.0,50,143.668522
-3.0,50,143.698364
-4.0,50,143.730025
-9.0,50,143.762178
-6.0,50,143.795305
-5.0,50,143.827653
-5.0,50,143.861596
-1.0,50,143.902647
-3.0,50,143.939593
-7.0,50,143.974716
-9.0,50,144.008447
-9.0,50,144.043651
-7.0,50,144.079235
-6.0,50,144.115167
-4.0,50,144.150064
-8.0,50,144.186946
-6.0,50,144.221943
-9.0,50,144.257547
-6.0,50,144.28945
0.0,50,144.322878
-5.0,50,144.356245
-8.0,50,144.394896
-4.0,50,144.426806
-2.0,50,144.456892
-4.0,50,144.494728
-7.0,50,144.52923
-9.0,50,144.56547
-1.0,50,144.596995
-8.0,50,144.627476
-5.0,50,144.657552
-3.0,50,144.687126
-5.0,50,144.717205
-5.0,50,144.747177
-6.0,50,144.777959
-6.0,50,144.806841
-3.0,50,144.836504
0.0,50,144.87026
0.0,50,144.911523
-4.0,50,144.945576
-6.0,50,144.980269
0.0,50,145.011089
-8.0,50,145.041606
-8.0,50,145.072255
-5.0,50,145.102186
-11.0,50,145.13177
-3.0,50,145.162779
-8.0,50,145.191596
-3.0,50,145.220942
-7.0,50,145.250686
-3.0,50,145.279548
-7.0,50,145.309195
-5.0,50,145.339906
-2.0,50,145.370257
-2.0,50,145.406913
-8.0,50,145.438921
-7.0,50,145.469917
-9.0,50,145.499279
-5.0,50,145.528805
-2.0,50,145.558442
-8.0,50,145.591208
-8.0,50,145.625506
-5.0,50,145.660617
-7.0,50,145.69552
-2.0,50,145.727203
0.0,50,145.760587
-6.0,50,145.78953
-7.0,50,145.819077
-1.0,50,145.848235
-10.0,50,145.878305
-2.0,50,145.912578
-5.0,50,145.942007
-2.0,50,145.971052
-11.0,50,146.000301
-7.0,50,146.031935
-11.0,50,146.064637
-6.0,50,146.097913
-3.0,50,146.128413
-8.0,50,146.159256
-8.0,50,146.189134
-5.0,50,146.220601
-6.0,50,146.251109
-9.0,50,146.280833
-6.0,50,146.309948
-1.0,50,146.339294
0.0,50,146.369356
-5.0,50,146.910046
-12.0,50,146.941891
-3.0,50,146.976917
-4.0,50,147.016364
-11.0,50,147.049214
-7.0,50,147.081304
-5.0,50,147.112403
-2.0,50,147.149116
-11.0,50,147.183638
-9.0,50,147.215417
-8.0,50,147.246814
-5.0,50,147.278855
-10.0,50,147.309011
-9.0,50,147.342854
-8.0,50,147.38728
-7.0,50,147.421987
0.0,50,147.45181
-5.0,50,147.482765
-3.0,50,147.51403
-2.0,50,147.549406
-8.0,50,147.586411
-7.0,50,147.618268
-8.0,50,147.649838
-8.0,50,147.689798
-5.0,50,147.724445
-7.0,50,147.764153
-5.0,50,147.794391
-8.0,50,147.825509
-3.0,50,147.855107
-8.0,50,147.889334
-2.0,50,147.921688
-7.0,50,147.951647
-9.0,50,147.986843
-6.0,50,148.023903
-5.0,50,148.056049
-11.0,50,148.086576
-10.0,50,148.117862
-5.0,50,148.147853
-2.0,50,148.177608
-7.0,50,148.207659
-2.0,50,148.237911
-3.0,50,148.268991
0.0,50,148.299153
-2.0,50,148.337039
-5.0,50,148.373866
-5.0,50,148.410078
-3.0,50,148.443838
-5.0,50,148.475141
-8.0,50,148.506127
-4.0,50,148.536582
-1.0,50,148.567816
-8.0,50,148.597649
-6.0,50,148.629165
-4.0,50,148.664589
-8.0,50,148.700506
-2.0,50,148.732114
-10.0,50,148.763452
-5.0,50,148.793772
0.0,50,148.824328
-6.0,50,148.855224
-10.0,50,148.889798
-4.0,50,148.923295
-7.0,50,148.953623
-9.0,50,148.983718
-9.0,50,149.013993
-3.0,50,149.044074
-3.0,50,149.073577
-7.0,50,149.102516
-8.0,50,149.132428
-6.0,50,149.163179
-8.0,50,149.192374
-10.0,50,149.221181
-2.0,50,149.251199
-6.0,50,149.28035
-7.0,50,149.310135
0.0,50,149.339353
-3.0,50,149.368684
-5.0,50,149.403935
-3.0,50,149.432955
-11.0,50,149.470576
-4.0,50,149.503047
-7.0,50,149.534026
-9.0,50,149.563937
-4.0,50,149.594175
-2.0,50,149.623886
-1.0,50,149.653578
-4.0,50,149.683796
-3.0,50,149.713672
-10.0,50,149.744001
-9.0,50,149.77482
-8.0,50,149.805028
-6.0,50,149.837101
-4.0,50,149.875375
-8.0,50,149.910216
-3.0,50,149.94407
-7.0,50,149.975152
-5.0,50,150.005619
-4.0,50,150.036402
-3.0,50,150.06953
-9.0,50,150.103018
-3.0,50,150.62661
-3.0,50,150.659409
-2.0,50,150.689975
-7.0,50,150.718956
-4.0,50,150.749185
-11.0,50,150.779333
-6.0,50,150.808261
-5.0,50,150.838183
-3.0,50,150.874112
-1.0,50,150.917093
-4.0,50,150.950757
-2.0,50,150.980932
-4.0,50,151.013649
-1.0,50,151.056612
-8.0,50,151.096846
-4.0,50,151.128793
-7.0,50,151.160751
-5.0,50,151.192394
-5.0,50,151.222339
-8.0,50,151.254259
-6.0,50,151.28807
-5.0,50,151.319821
-7.0,50,151.358431
0.0,50,151.410498
-9.0,50,151.44903
-5.0,50,151.489648
-4.0,50,151.525605
-6.0,50,151.558049
-8.0,50,151.588813
-1.0,50,151.618197
-6.0,50,151.648409
-2.0,50,151.678331
-8.0,50,151.707523
-10.0,50,151.737097
-10.0,50,151.768184
-3.0,50,151.798245
-3.0,50,151.828856
-8.0,50,151.860323
0.0,50,151.898355
-9.0,50,151.935169
-8.0,50,151.972055
-8.0,50,152.007876
-1.0,50,152.038355
0.0,50,152.066339
-4.0,50,152.093535
-5.0,50,152.120832
-5.0,50,152.148884
-9.0,50,152.178741
-7.0,50,152.207957
-8.0,50,152.239121
-5.0,50,152.271687
-2.0,50,152.306827
-4.0,50,152.349504
-5.0,50,152.394748
-10.0,50,152.436988
-9.0,50,152.469634
-7.0,50,152.502001
-11.0,50,152.532284
0.0,50,152.564399
-9.0,50,152.595797
-8.0,50,152.625845
-8.0,50,152.657652
-3.0,50,152.687885
-11.0,50,152.718904
0.0,50,152.750582
-8.0,50,152.792138
-5.0,50,152.83656
-6.0,50,152.880728
-7.0,50,152.927653
-12.0,50,152.966607
-4.0,50,153.001345
-1.0,50,153.034279
-6.0,50,153.065463
-7.0,50,153.096318
-8.0,50,153.126701
-8.0,50,153.157719
-12.0,50,153.188167
-3.0,50,153.21875
-7.0,50,153.25011
-6.0,50,153.291493
-8.0,50,153.335934
-7.0,50,153.380076
-1.0,50,153.425872
-10.0,50,153.464414
-7.0,50,153.500557
-8.0,50,153.531018
-12.0,50,153.558798
-11.0,50,153.585944
-9.0,50,153.613889
-1.0,50,153.641936
-7.0,50,153.671723
-3.0,50,153.702635
-3.0,50,153.735223
-6.0,50,153.772126
0.0,50,153.808401
-4.0,50,153.842957
-3.0,50,153.873719
-9.0,50,153.912395
-1.0,50,153.940604
-7.0,50,153.970134
-2.0,50,154.463959
0.0,50,154.496405
-10.0,50,154.531467
-7.0,50,154.568612
-2.0,50,154.603547
-8.0,50,154.639053
-9.0,50,154.675136
-11.0,50,154.710438
-5.0,50,154.744157
-7.0,50,154.776623
-3.0,50,154.80782
-9.0,50,154.837733
-4.0,50,154.868908
-11.0,50,154.903929
-2.0,50,154.935455
-8.0,50,154.975689
-9.0,50,155.009692
-7.0,50,155.04066
-9.0,50,155.070941
-6.0,50,155.100329
-4.0,50,155.131497
-6.0,50,155.164552
-10.0,50,155.202807
-2.0,50,155.234821
-3.0,50,155.268407
-7.0,50,155.301616
-1.0,50,155.331466
-4.0,50,155.363962
-6.0,50,155.407429
-5.0,50,155.449583
-6.0,50,155.480823
0.0,50,155.511184
0.0,50,155.541603
-6.0,50,155.582254
-5.0,50,155.617627
0.0,50,155.648565
-4.0,50,155.68002
-11.0,50,155.712988
-8.0,50,155.747238
0.0,50,155.787987
-7.0,50,155.820588
-5.0,50,155.854818
-3.0,50,155.89084
-1.0,50,155.926118
-12.0,50,155.964256
0.0,50,155.999796
-7.0,50,156.030801
-8.0,50,156.063096
-2.0,50,156.093579
-1.0,50,156.13029
-4.0,50,156.169689
-8.0,50,156.201012
-9.0,50,156.232489
-8.0,50,156.265497
0.0,50,156.295854
-3.0,50,156.33293
0.0,50,156.368891
-11.0,50,156.409859
0.0,50,156.449152
-4.0,50,156.479849
-1.0,50,156.510647
-5.0,50,156.550134
-3.0,50,156.587704
-7.0,50,156.622776
-5.0,50,156.653649
-5.0,50,156.6846
-1.0,50,156.716335
-6.0,50,156.747772
-4.0,50,156.781794
-6.0,50,156.814399
-5.0,50,156.846622
0.0,50,156.890233
-12.0,50,156.931886
-9.0,50,156.967864
-9.0,50,157.002268
-4.0,50,157.035111
-8.0,50,157.070232
-4.0,50,157.103501
-8.0,50,157.144151
-5.0,50,157.184225
-6.0,50,157.219096
-10.0,50,157.250218
-3.0,50,157.281244
-5.0,50,157.311236
-9.0,50,157.341909
-5.0,50,157.374048
-6.0,50,157.411209
-7.0,50,157.440292
-9.0,50,157.473047
-9.0,50,157.503454
-6.0,50,157.534683
-10.0,50,157.574924
-9.0,50,157.615576
-7.0,50,157.648699
-7.0,50,157.679815
-3.0,50,157.709479
-8.0,50,157.74037
-7.0,50,157.771022
-5.0,50,157.806089
-8.0,50,157.843546
0.0,50,158.376925
-3.0,50,158.419626
-7.0,50,158.455426
0.0,50,158.48693
-12.0,50,158.517601
-7.0,50,158.549542
-7.0,50,158.580894
-9.0,50,158.621024
-6.0,50,158.654925
-11.0,50,158.685293
-9.0,50,158.715959
-5.0,50,158.74687
0.0,50,158.777315
-10.0,50,158.810982
-6.0,50,158.846859
-2.0,50,158.877495
-11.0,50,158.919186
-3.0,50,158.948742
-5.0,50,158.979377
-7.0,50,159.010598
-2.0,50,159.047711
-1.0,50,159.080217
-10.0,50,159.111228
-5.0,50,159.143387
-6.0,50,159.174032
-8.0,50,159.206316
-2.0,50,159.237655
-6.0,50,159.270156
-7.0,50,159.302241
-2.0,50,159.335196
-9.0,50,159.371982
-9.0,50,159.411384
-1.0,50,159.444402
-8.0,50,159.479861
-4.0,50,159.509509
-5.0,50,159.548218
-5.0,50,159.583542
-8.0,50,159.623544
-6.0,50,159.676476
-2.0,50,159.724982
-8.0,50,159.774434
-7.0,50,159.818074
-2.0,50,159.859035
-5.0,50,159.909515
-2.0,50,159.947587
-2.0,50,159.978213
-7.0,50,160.008356
-3.0,50,160.037597
-12.0,50,160.068719
-5.0,50,160.098898
0.0,50,160.135074
-10.0,50,160.170376
-10.0,50,160.200965
-8.0,50,160.231572
-7.0,50,160.262083
-2.0,50,160.292788
-3.0,50,160.321686
-8.0,50,160.352634
-8.0,50,160.385438
-5.0,50,160.418973
-10.0,50,160.452114
-3.0,50,160.484705
-5.0,50,160.517177
-6.0,50,160.54923
-8.0,50,160.580187
0.0,50,160.609766
-8.0,50,160.639518
-6.0,50,160.66911
-4.0,50,160.697647
-7.0,50,160.728735
-1.0,50,160.75793
-6.0,50,160.791915
-4.0,50,160.826626
-6.0,50,160.855806
-6.0,50,160.889697
-8.0,50,160.922925
-4.0,50,160.953284
-5.0,50,160.985604
-6.0,50,161.017651
-8.0,50,161.049396
-8.0,50,161.084629
-9.0,50,161.117212
-5.0,50,161.148997
-5.0,50,161.179647
-9.0,50,161.208559
-8.0,50,161.23855
-7.0,50,161.270746
-7.0,50,161.301225
-11.0,50,161.331323
-7.0,50,161.361416
-8.0,50,161.392763
-11.0,50,161.421013
-9.0,50,161.448493
-9.0,50,161.476102
-5.0,50,161.505716
-11.0,50,161.534228
-9.0,50,161.564895
0.0,50,161.597073
-6.0,50,161.629204
-8.0,50,161.662412
-2.0,50,162.165479
-4.0,50,162.195466
-2.0,50,162.228659
-3.0,50,162.259642
-8.0,50,162.28983
-6.0,50,162.319454
-5.0,50,162.350301
-4.0,50,162.382138
-7.0,50,162.417495
-7.0,50,162.449298
-8.0,50,162.480514
-4.0,50,162.509696
-7.0,50,162.539684
-6.0,50,162.570626
-6.0,50,162.601691
-9.0,50,162.632412
-6.0,50,162.664348
-2.0,50,162.693466
-8.0,50,162.724005
-3.0,50,162.754173
-10.0,50,162.785345
-3.0,50,162.815911
-8.0,50,162.846081
-1.0,50,162.876328
-4.0,50,162.910852
-6.0,50,162.940782
-8.0,50,162.972633
-6.0,50,163.002309
-7.0,50,163.031893
-3.0,50,163.062107
-2.0,50,163.091916
-8.0,50,163.121722
-3.0,50,163.152523
-9.0,50,163.183455
-2.0,50,163.212888
-10.0,50,163.242764
-9.0,50,163.274123
0.0,50,163.305468
-9.0,50,163.334692
-5.0,50,163.364635
-5.0,50,163.39997
-5.0,50,163.430973
-5.0,50,163.464198
-3.0,50,163.494366
-11.0,50,163.524495
-3.0,50,163.553553
-5.0,50,163.583771
-7.0,50,163.61317
-9.0,50,163.644515
-8.0,50,163.674435
-6.0,50,163.701812
-6.0,50,163.729409
-6.0,50,163.757275
-4.0,50,163.786961
-6.0,50,163.814196
-4.0,50,163.841686
-8.0,50,163.872077
-1.0,50,163.908815
-7.0,50,163.938092
-2.0,50,163.972126
0.0,50,164.008116
-5.0,50,164.043029
-6.0,50,164.080405
-4.0,50,164.113488
-7.0,50,164.140824
-5.0,50,164.171203
-5.0,50,164.19894
-7.0,50,164.22643
-2.0,50,164.255171
-10.0,50,164.283796
-7.0,50,164.312792
-7.0,50,164.341176
-8.0,50,164.370208
-10.0,50,164.403491
-5.0,50,164.432701
-3.0,50,164.462418
-3.0,50,164.489251
-4.0,50,164.516178
-9.0,50,164.544774
-2.0,50,164.572422
-6.0,50,164.60038
-4.0,50,164.627522
0.0,50,164.656076
-6.0,50,164.684233
-10.0,50,164.712761
-9.0,50,164.740686
-4.0,50,164.768851
-6.0,50,164.797128
-7.0,50,164.825629
-1.0,50,164.855079
0.0,50,164.884471
-5.0,50,164.917439
-7.0,50,164.945667
0.0,50,164.973765
-9.0,50,165.002211
-10.0,50,165.030187
-9.0,50,165.058143
-7.0,50,165.085744
0.0,50,165.113632
-11.0,50,165.141573
-4.0,50,165.593958
-8.0,50,165.630286
-1.0,50,165.666099
-9.0,50,165.704347
-8.0,50,165.742775
0.0,50,165.77959
-5.0,50,165.81649
-2.0,50,165.8499
-7.0,50,165.881091
-2.0,50,165.916741
-5.0,50,165.944911
0.0,50,165.973523
-10.0,50,166.001753
-9.0,50,166.030244
-5.0,50,166.059081
0.0,50,166.08638
-11.0,50,166.115291
0.0,50,166.143472
-5.0,50,166.172813
-5.0,50,166.200854
-7.0,50,166.231397
-6.0,50,166.26427
-4.0,50,166.300545
-2.0,50,166.335319
-7.0,50,166.369945
-3.0,50,166.411836
-6.0,50,166.442115
-9.0,50,166.471356
-1.0,50,166.498401
-8.0,50,166.526321
-1.0,50,166.554182
-8.0,50,166.582598
-8.0,50,166.612535
-8.0,50,166.640964
-9.0,50,166.669581
-3.0,50,166.697475
-4.0,50,166.724171
-7.0,50,166.751248
-7.0,50,166.779373
-9.0,50,166.806719
-6.0,50,166.833189
-10.0,50,166.862297
-7.0,50,166.894324
-2.0,50,166.922218
-10.0,50,166.949422
-10.0,50,166.977795
-4.0,50,167.005949
-8.0,50,167.032971
-7.0,50,167.060331
-8.0,50,167.08708
-7.0,50,167.115012
-4.0,50,167.141973
-8.0,50,167.169434
-7.0,50,167.196875
-8.0,50,167.224351
-9.0,50,167.252094
-2.0,50,167.279819
-9.0,50,167.308612
-9.0,50,167.336001
-7.0,50,167.365075
-8.0,50,167.39782
-8.0,50,167.426759
-9.0,50,167.455273
-9.0,50,167.483612
-3.0,50,167.51186
-2.0,50,167.542507
-5.0,50,167.572355
-4.0,50,167.600544
-8.0,50,167.628989
-10.0,50,167.658447
0.0,50,167.688156
-4.0,50,167.717281
-3.0,50,167.746343
-10.0,50,167.775638
-3.0,50,167.805084
-7.0,50,167.834706
-4.0,50,167.864192
-11.0,50,167.897954
-4.0,50,167.927958
-2.0,50,167.95669
-7.0,50,167.985865
-7.0,50,168.015032
-11.0,50,168.045109
-9.0,50,168.074444
-5.0,50,168.103678
-8.0,50,168.132626
-4.0,50,168.162594
-10.0,50,168.191315
-4.0,50,168.220764
-9.0,50,168.249103
-5.0,50,168.278336
-7.0,50,168.307455
0.0,50,168.336636
-7.0,50,168.365753
-1.0,50,168.402667
-3.0,50,168.43227
-3.0,50,168.461694
0.0,50,168.491005
-10.0,50,168.520208
-7.0,50,168.549826
-3.0,50,169.01449
-8.0,50,169.043632
-10.0,50,169.073446
-3.0,50,169.102253
-1.0,50,169.131478
-2.0,50,169.160526
-6.0,50,169.189889
-4.0,50,169.218728
-6.0,50,169.247529
-8.0,50,169.276884
-7.0,50,169.305797
-4.0,50,169.335173
-3.0,50,169.364349
-7.0,50,169.398786
-5.0,50,169.428569
-2.0,50,169.45765
-7.0,50,169.487065
-5.0,50,169.516651
-3.0,50,169.54571
-5.0,50,169.5746
-5.0,50,169.602708
-5.0,50,169.631614
-6.0,50,169.660558
0.0,50,169.689616
-3.0,50,169.718372
-10.0,50,169.74741
-4.0,50,169.776257
-3.0,50,169.805208
-7.0,50,169.833678
-8.0,50,169.862407
-6.0,50,169.898296
-9.0,50,169.929118
-2.0,50,169.95847
-8.0,50,169.987392
-9.0,50,170.017164
-4.0,50,170.04715
-9.0,50,170.07682
0.0,50,170.111413
-4.0,50,170.146133
-7.0,50,170.181218
-7.0,50,170.215396
-6.0,50,170.245579
-6.0,50,170.274153
-9.0,50,170.302058
-6.0,50,170.331023
-6.0,50,170.360263
-7.0,50,170.3953
-7.0,50,170.433839
-5.0,50,170.467194
-6.0,50,170.504638
-8.0,50,170.538395
-4.0,50,170.571658
-4.0,50,170.607395
-10.0,50,170.640182
-8.0,50,170.67195
-9.0,50,170.702883
-5.0,50,170.735337
-2.0,50,170.769308
-7.0,50,170.801448
-9.0,50,170.831257
-3.0,50,170.86269
-7.0,50,170.902187
-4.0,50,170.940957
-5.0,50,170.97234
0.0,50,171.002648
-2.0,50,171.032523
-3.0,50,171.063123
-6.0,50,171.091915
0.0,50,171.123231
-2.0,50,171.151631
-1.0,50,171.186215
-8.0,50,171.22566
-10.0,50,171.262241
-10.0,50,171.295076
-8.0,50,171.326276
-9.0,50,171.355785
-3.0,50,171.386084
-8.0,50,171.422263
-6.0,50,171.450094
-2.0,50,171.478639
-7.0,50,171.505739
-6.0,50,171.537486
-11.0,50,171.569594
-8.0,50,171.599173
-2.0,50,171.629157
-4.0,50,171.65996
-8.0,50,171.690252
-3.0,50,171.720438
-7.0,50,171.750086
-6.0,50,171.779733
-10.0,50,171.809916
-9.0,50,171.840094
-2.0,50,171.869988
-8.0,50,171.908396
-10.0,50,171.939713
-1.0,50,171.970566
-6.0,50,172.001923
-3.0,50,172.033686
-3.0,50,172.065216
-3.0,50,172.098283
-5.0,50,172.637915
-9.0,50,172.672433
-4.0,50,172.707206
-3.0,50,172.741747
-9.0,50,172.775688
-10.0,50,172.809665
-4.0,50,172.843478
-9.0,50,172.877577
0.0,50,172.9138
-2.0,50,172.947903
-5.0,50,172.981633
-1.0,50,173.014684
-5.0,50,173.04827
-8.0,50,173.081698
-5.0,50,173.11502
-10.0,50,173.148985
-7.0,50,173.18292
-5.0,50,173.216248
-2.0,50,173.250227
-1.0,50,173.284346
-5.0,50,173.31831
-8.0,50,173.351519
-9.0,50,173.385228
-9.0,50,173.422941
-1.0,50,173.456711
-3.0,50,173.490149
-2.0,50,173.524335
-9.0,50,173.558229
-2.0,50,173.591468
-4.0,50,173.625525
-6.0,50,173.659358
-2.0,50,173.692918
-4.0,50,173.726752
-1.0,50,173.760174
-7.0,50,173.793828
-9.0,50,173.827618
-9.0,50,173.860997
-8.0,50,173.89828
-9.0,50,173.934145
-6.0,50,173.969874
-4.0,50,174.005087
-5.0,50,174.038887
-7.0,50,174.07303
-8.0,50,174.107018
-9.0,50,174.140008
-9.0,50,174.173591
-10.0,50,174.207655
-10.0,50,174.241487
-11.0,50,174.275612
-6.0,50,174.309616
-4.0,50,174.343731
-2.0,50,174.377623
-4.0,50,174.416452
-8.0,50,174.450356
-5.0,50,174.484261
-5.0,50,174.518305
-1.0,50,174.552837
-5.0,50,174.586888
-5.0,50,174.62083
-7.0,50,174.654953
-5.0,50,174.688898
-3.0,50,174.723036
-6.0,50,174.756919
-5.0,50,174.791175
-9.0,50,174.824855
-3.0,50,174.860139
-7.0,50,174.905257
-7.0,50,174.941552
-4.0,50,174.978431
-3.0,50,175.017177
0.0,50,175.053926
-2.0,50,175.088951
-7.0,50,175.123286
-5.0,50,175.157018
-1.0,50,175.190578
-9.0,50,175.223653
-4.0,50,175.255877
-4.0,50,175.289021
-6.0,50,175.321971
-6.0,50,175.355433
-3.0,50,175.392554
-5.0,50,175.425541
-7.0,50,175.456477
-8.0,50,175.489614
0.0,50,175.522796
-8.0,50,175.556407
-5.0,50,175.591487
-8.0,50,175.625043
-6.0,50,175.659775
0.0,50,175.690742
-6.0,50,175.720334
-9.0,50,175.749568
0.0,50,175.780374
-8.0,50,175.809933
-7.0,50,175.839513
-8.0,50,175.86994
0.0,50,175.903964
-4.0,50,175.933299
-3.0,50,175.965191
-4.0,50,175.995404
-3.0,50,176.495859
-11.0,50,176.529006
-11.0,50,176.559029
-6.0,50,176.587968
-3.0,50,176.619134
-11.0,50,176.649888
-5.0,50,176.680794
-1.0,50,176.710653
-5.0,50,176.740394
-2.0,50,176.771453
-2.0,50,176.80531
-7.0,50,176.83737
-3.0,50,176.87133
-3.0,50,176.911924
-7.0,50,176.94574
-2.0,50,176.978797
-7.0,50,177.0111
-5.0,50,177.043597
-8.0,50,177.077802
-6.0,50,177.113951
-5.0,50,177.14825
-8.0,50,177.183449
-1.0,50,177.21715
-8.0,50,177.249578
-11.0,50,177.284281
-10.0,50,177.318649
-5.0,50,177.349874
-4.0,50,177.38165
-7.0,50,177.417569
-3.0,50,177.448245
-7.0,50,177.479837
-6.0,50,177.507974
-3.0,50,177.543318
-1.0,50,177.573597
-2.0,50,177.604395
-10.0,50,177.634547
0.0,50,177.669175
-3.0,50,177.701839
-4.0,50,177.73306
-7.0,50,177.763378
0.0,50,177.793269
-3.0,50,177.822593
-6.0,50,177.852234
-4.0,50,177.887071
-4.0,50,177.933118
-7.0,50,177.969393
-11.0,50,178.004671
-5.0,50,178.042794
-11.0,50,178.080169
-3.0,50,178.116948
-7.0,50,178.154189
-3.0,50,178.193347
-3.0,50,178.231513
-1.0,50,178.268088
-3.0,50,178.302701
-5.0,50,178.338139
0.0,50,178.376809
-4.0,50,178.416059
-7.0,50,178.452362
-5.0,50,178.485322
-2.0,50,178.516285
-5.0,50,178.547582
-10.0,50,178.578049
-10.0,50,178.608061
-6.0,50,178.63893
-7.0,50,178.669339
-10.0,50,178.699681
-10.0,50,178.729318
-8.0,50,178.760785
-3.0,50,178.792333
-7.0,50,178.822243
-2.0,50,178.852355
-6.0,50,178.882006
-5.0,50,178.929554
-3.0,50,178.971431
-7.0,50,179.007539
0.0,50,179.037198
-7.0,50,179.066461
-8.0,50,179.096684
-9.0,50,179.12591
-9.0,50,179.156224
-7.0,50,179.186801
-5.0,50,179.217303
-6.0,50,179.247917
-7.0,50,179.278115
-10.0,50,179.308897
-7.0,50,179.339436
-10.0,50,179.369446
-3.0,50,179.405422
-7.0,50,179.435172
-8.0,50,179.467842
-9.0,50,179.503465
-9.0,50,179.542337
-1.0,50,179.578104
-3.0,50,179.612045
-10.0,50,179.642009
-5.0,50,179.673623
-6.0,50,179.703647
-7.0,50,179.733002
-9.0,50,179.763891
-8.0,50,180.249552
-5.0,50,180.283392
-9.0,50,180.313707
-4.0,50,180.343937
-4.0,50,180.372822
-4.0,50,180.410286
-4.0,50,180.440563
-7.0,50,180.470784
-7.0,50,180.50058
-8.0,50,180.529495
-8.0,50,180.559729
-8.0,50,180.59341
-2.0,50,180.628522
-9.0,50,180.667688
-6.0,50,180.699716
-5.0,50,180.730357
-11.0,50,180.76086
-3.0,50,180.790472
-8.0,50,180.820246
-6.0,50,180.851854
-4.0,50,180.881314
-10.0,50,180.918607
-2.0,50,180.948345
-9.0,50,180.980224
-4.0,50,181.009718
0.0,50,181.038785
-3.0,50,181.069208
-10.0,50,181.099057
-6.0,50,181.128772
-7.0,50,181.159831
-9.0,50,181.193757
-11.0,50,181.2238
-5.0,50,181.254449
-6.0,50,181.283815
-8.0,50,181.313019
-4.0,50,181.342134
-1.0,50,181.373253
-9.0,50,181.407198
-9.0,50,181.437363
-4.0,50,181.469422
-7.0,50,181.499598
-4.0,50,181.529303
-4.0,50,181.560983
-2.0,50,181.597464
-1.0,50,181.628731
-7.0,50,181.658335
-4.0,50,181.688671
-8.0,50,181.718688
-7.0,50,181.748255
0.0,50,181.778342
-2.0,50,181.809085
-8.0,50,181.839305
-5.0,50,181.870092
-8.0,50,181.907562
0.0,50,181.936083
-6.0,50,181.966419
-4.0,50,181.99674
-6.0,50,182.025873
0.0,50,182.055365
-5.0,50,182.085429
-7.0,50,182.115348
-3.0,50,182.146201
-13.0,50,182.177992
-3.0,50,182.208088
0.0,50,182.239235
-9.0,50,182.268944
-3.0,50,182.299169
-2.0,50,182.329298
-4.0,50,182.359675
-8.0,50,182.394907
-4.0,50,182.426951
-7.0,50,182.457384
-3.0,50,182.48716
-11.0,50,182.516592
-3.0,50,182.546092
-8.0,50,182.575508
-5.0,50,182.604989
-6.0,50,182.635639
-6.0,50,182.6664
-9.0,50,182.697133
-10.0,50,182.725927
-3.0,50,182.755637
-1.0,50,182.786885
-7.0,50,182.816075
-6.0,50,182.845422
-9.0,50,182.875491
-6.0,50,182.912209
-5.0,50,182.942761
-2.0,50,182.972983
-5.0,50,183.003473
-1.0,50,183.033708
-7.0,50,183.063849
-1.0,50,183.093709
-9.0,50,183.123267
-4.0,50,183.152639
-9.0,50,183.183391
-6.0,50,183.213358
-7.0,50,183.24201
-2.0,50,183.271269
-4.0,50,183.299768
